OBJECTID,ID,TYPE,STATUS,NAICS_CODE,NAICS_DESC,SOURCE,SOURCEDATE,VAL_METHOD,VAL_DATE,OWNER,VOLTAGE,VOLT_CLASS,INFERRED,SUB_1,SUB_2,SHAPE__Len
"79453","313012","AC; OVERHEAD",IN SERVICE,"221121",ELECTRIC BULK POWER TRANSMISSION AND CONTROL,https://cecgis-caenergy.opendata.arcgis.com/,2018/04/25,IMAGERY/OTHER,2018/04/25,SAN DIEGO GAS & ELECTRIC,69.000000000000000,UNDER 100,N,TAP318015,MIGUEL,11276.858014215200456
"79482","304791","AC; OVERHEAD",IN SERVICE,"221121",ELECTRIC BULK POWER TRANSMISSION AND CONTROL,https://cecgis-caenergy.opendata.arcgis.com/,2018/04/25,IMAGERY/OTHER,2018/04/25,SAN DIEGO GAS & ELECTRIC,69.000000000000000,UNDER 100,N,TAP318024,TAP318025,11290.411362177399496
"79550","300550","AC; OVERHEAD",NOT AVAILABLE,"221121",ELECTRIC BULK POWER TRANSMISSION AND CONTROL,California Energy Commission http://www.energy.ca.gov/maps/,2017/01/01,IMAGERY/OTHER,2017/01/01,SAN DIEGO GAS & ELECTRIC,69.000000000000000,UNDER 100,N,CORONADO,NORTH ISLAND QF,1097.480920325290072
"80638","301857","AC; OVERHEAD",NOT AVAILABLE,"221121",ELECTRIC BULK POWER TRANSMISSION AND CONTROL,http://www.caiso.com/Documents/Presentation-PreliminaryReliabilityAssessmentResults-Sep26_2013.pdf,2017/01/01,IMAGERY/OTHER,2017/01/01,SAN DIEGO GAS & ELECTRIC,69.000000000000000,UNDER 100,N,CHOLLAS,PARADISE,5220.520313788990279
"80857","302353","AC; OVERHEAD",NOT AVAILABLE,"221121",ELECTRIC BULK POWER TRANSMISSION AND CONTROL,http://www.caiso.com/Documents/Day1-November19-20_2014StakeholderMeeting.pdf,2017/01/01,IMAGERY/OTHER,2017/01/01,SAN DIEGO GAS & ELECTRIC,69.000000000000000,UNDER 100,N,PALA,MONSERATE,15585.923317466400476
"80889","302835","AC; OVERHEAD",IN SERVICE,"221121",ELECTRIC BULK POWER TRANSMISSION AND CONTROL,Southern California Edison http://preview.tinyurl.com/q9vuye2,2017/01/01,IMAGERY/OTHER,2017/01/01,AZUSA LIGHT & POWER,115.000000000000000,100-161,N,SUN CITY,AULD,14708.030466959200567
"80913","303073","AC; OVERHEAD",NOT AVAILABLE,"221121",ELECTRIC BULK POWER TRANSMISSION AND CONTROL,http://www.cpuc.ca.gov/environment/info/dudek/sbsrp/DR_16_SDGE_combined.pdf,2017/01/01,IMAGERY/OTHER,2017/01/01,SAN DIEGO GAS & ELECTRIC,69.000000000000000,UNDER 100,N,TAP318025,POINT LOMA,6317.745113257698904
"80957","303504","AC; OVERHEAD",NOT AVAILABLE,"221121",ELECTRIC BULK POWER TRANSMISSION AND CONTROL,http://www.cpuc.ca.gov/environment/info/dudek/sbsrp/DR_16_SDGE_combined.pdf,2017/01/01,IMAGERY/OTHER,2017/01/01,SAN DIEGO GAS & ELECTRIC,69.000000000000000,UNDER 100,N,MIRAMAR,SCRIPPS,3415.932486090220209
"80978","303627","AC; OVERHEAD",IN SERVICE,"221121",ELECTRIC BULK POWER TRANSMISSION AND CONTROL,Southern California Edison http://preview.tinyurl.com/q9vuye2,2017/01/01,IMAGERY/OTHER,2017/01/01,AZUSA LIGHT & POWER,115.000000000000000,100-161,N,TENAJA,STADLER,8787.877571076689492
"81158","305568","AC; OVERHEAD",NOT AVAILABLE,"221121",ELECTRIC BULK POWER TRANSMISSION AND CONTROL,http://www.cpuc.ca.gov/environment/info/dudek/sbsrp/DR_13_SDGE.pdf,2017/01/01,IMAGERY/OTHER,2017/01/01,SAN DIEGO GAS & ELECTRIC,69.000000000000000,UNDER 100,N,OLD TOWN,KETTNER,6293.813943799140361
"81180","305814","AC; OVERHEAD",NOT AVAILABLE,"221121",ELECTRIC BULK POWER TRANSMISSION AND CONTROL,http://www.cpuc.ca.gov/environment/info/dudek/sbsrp/DR_16_SDGE_combined.pdf,2017/01/01,IMAGERY/OTHER,2017/01/01,SAN DIEGO GAS & ELECTRIC,69.000000000000000,UNDER 100,N,TORREY PINES,UCSD,2797.466637276019810
"81181","305817","AC; OVERHEAD",NOT AVAILABLE,"221121",ELECTRIC BULK POWER TRANSMISSION AND CONTROL,IMAGERY,2017/06/02,IMAGERY,2017/06/02,SAN DIEGO GAS & ELECTRIC,69.000000000000000,UNDER 100,Y,ESCONDIDO,ESCONDIDO POWER PLANT,66.372435468362497
"81188","305915","AC; OVERHEAD",NOT AVAILABLE,"221121",ELECTRIC BULK POWER TRANSMISSION AND CONTROL,http://www.caiso.com/Documents/Presentation-PreliminaryReliabilityAssessmentResults-Sep26_2013.pdf,2017/01/01,IMAGERY/OTHER,2017/01/01,SAN DIEGO GAS & ELECTRIC,69.000000000000000,UNDER 100,N,SUNNYSIDE,MIGUEL,5882.394473840299725
"81314","307385","AC; OVERHEAD",NOT AVAILABLE,"221121",ELECTRIC BULK POWER TRANSMISSION AND CONTROL,California Energy Commission http://www.energy.ca.gov/reti/documents/2008-11-12_local_agencies/maps/CREZ_Southern_CA.pdf,2017/01/01,IMAGERY/OTHER,2017/01/01,SAN DIEGO GAS & ELECTRIC,69.000000000000000,UNDER 100,N,DUNHILL TAP,TORREY PINES,1179.456834673459980
"81347","311325","AC; OVERHEAD",NOT AVAILABLE,"221121",ELECTRIC BULK POWER TRANSMISSION AND CONTROL,http://www.cpuc.ca.gov/environment/info/dudek/sbsrp/2_Purpose_and_Need.pdf,2017/01/01,IMAGERY/OTHER,2017/01/01,SAN DIEGO GAS & ELECTRIC,69.000000000000000,UNDER 100,N,DIVISION,NAVAL STATION METERING,1522.592675609729895
"81446","309178","AC; OVERHEAD",NOT AVAILABLE,"221121",ELECTRIC BULK POWER TRANSMISSION AND CONTROL,http://www.caiso.com/Documents/Presentation-PreliminaryReliabilityAssessmentResults-Sep26_2013.pdf,2017/01/01,IMAGERY/OTHER,2017/01/01,SAN DIEGO GAS & ELECTRIC,69.000000000000000,UNDER 100,N,MELROSE,SAN LUIS REY,10574.820580935398539
"81547","310352","AC; OVERHEAD",IN SERVICE,"221121",ELECTRIC BULK POWER TRANSMISSION AND CONTROL,Western Electricity Coordinating Council https://www.wecc.biz/Reliability/YEAR%202014%20OC%20MAP-1.pdf,2017/01/01,IMAGERY/OTHER,2017/01/01,SAN DIEGO GAS & ELECTRIC,230.000000000000000,220-287,N,SUNCREST,SYCAMORE CANYON,52394.449667543798569
"81559","310570","AC; OVERHEAD",IN SERVICE,"221121",ELECTRIC BULK POWER TRANSMISSION AND CONTROL,Western Electricity Coordinating Council https://www.wecc.biz/Reliability/YEAR%202014%20OC%20MAP-1.pdf,2017/01/01,IMAGERY/OTHER,2017/01/01,SAN DIEGO GAS & ELECTRIC,500.000000000000000,"500",N,SUNCREST,IMPERIAL VALLEY,170848.902535642002476
"81613","311102","AC; OVERHEAD",NOT AVAILABLE,"221121",ELECTRIC BULK POWER TRANSMISSION AND CONTROL,California Energy Commission http://www.energy.ca.gov/maps/,2017/01/01,IMAGERY/OTHER,2017/01/01,SAN DIEGO GAS & ELECTRIC,69.000000000000000,UNDER 100,N,ELLIOTT,SYCAMORE CANYON,15726.228349443599654
"81712","312092","AC; OVERHEAD",NOT AVAILABLE,"221121",ELECTRIC BULK POWER TRANSMISSION AND CONTROL,http://www.cpuc.ca.gov/environment/info/dudek/sbsrp/DR_16_SDGE_combined.pdf,2017/01/01,IMAGERY/OTHER,2017/01/01,SAN DIEGO GAS & ELECTRIC,69.000000000000000,UNDER 100,N,DEL MAR,EASTGATE,16001.934672783600035
"81763","312668","AC; OVERHEAD",IN SERVICE,"221121",ELECTRIC BULK POWER TRANSMISSION AND CONTROL,https://cecgis-caenergy.opendata.arcgis.com/,2018/04/25,IMAGERY/OTHER,2018/10/19,SAN DIEGO GAS & ELECTRIC,69.000000000000000,UNDER 100,N,SYCAMORE CANYON,UNKNOWN306264,12546.800154499100245
"81787","313007","AC; OVERHEAD",IN SERVICE,"221121",ELECTRIC BULK POWER TRANSMISSION AND CONTROL,Western Electricity Coordinating Council https://www.wecc.biz/Reliability/YEAR%202014%20OC%20MAP-1.pdf,2017/01/01,IMAGERY/OTHER,2017/01/01,SAN DIEGO GAS & ELECTRIC,138.000000000000000,100-161,N,GRANT HILL,SOUTH BAY,16642.976611680798669
"81846","300022","AC; OVERHEAD",NOT AVAILABLE,"221121",ELECTRIC BULK POWER TRANSMISSION AND CONTROL,http://www.caiso.com/2b5d/2b5db469fef0.pdf,2017/01/01,IMAGERY/OTHER,2017/01/01,SAN DIEGO GAS & ELECTRIC,69.000000000000000,UNDER 100,N,MISSION,CLAIREMONT,7791.708822671200323
"81948","300472","AC; OVERHEAD",NOT AVAILABLE,"221121",ELECTRIC BULK POWER TRANSMISSION AND CONTROL,http://www.cpuc.ca.gov/environment/info/dudek/sbsrp/2_Purpose_and_Need.pdf,2017/01/01,IMAGERY/OTHER,2017/01/01,SAN DIEGO GAS & ELECTRIC,69.000000000000000,UNDER 100,N,NAVAL STATION METERING,SCRAP DISPOSAL CORP,892.638437030258046
"81955","300146","AC; OVERHEAD",IN SERVICE,"221121",ELECTRIC BULK POWER TRANSMISSION AND CONTROL,http://www.cpuc.ca.gov/environment/info/aspen/sunrise/feir/cmts/E0004%20attachments/E4_Att01%20Existing%20ROW%20map.pdf,2017/01/01,IMAGERY/OTHER,2017/01/01,SAN DIEGO GAS & ELECTRIC,138.000000000000000,100-161,N,GRANT HILL,MISSION,9822.415310069589395
"81965","300160","AC; OVERHEAD",NOT AVAILABLE,"221121",ELECTRIC BULK POWER TRANSMISSION AND CONTROL,http://www.caiso.com/Documents/Presentation-PreliminaryReliabilityAssessmentResults-Sep26_2013.pdf,2017/01/01,IMAGERY/OTHER,2017/01/01,SAN DIEGO GAS & ELECTRIC,69.000000000000000,UNDER 100,N,NOT AVAILABLE,PACIFIC BEACH,8798.225692619869733
"81991","300189","AC; OVERHEAD",NOT AVAILABLE,"221121",ELECTRIC BULK POWER TRANSMISSION AND CONTROL,California Energy Commission http://www.energy.ca.gov/reti/documents/2008-11-12_local_agencies/maps/CREZ_Southern_CA.pdf,2017/01/01,IMAGERY/OTHER,2017/01/01,SAN DIEGO GAS & ELECTRIC,69.000000000000000,UNDER 100,N,DOUBLETT,DEL MAR,13421.676142766200428
"82065","300288","AC; OVERHEAD",IN SERVICE,"221121",ELECTRIC BULK POWER TRANSMISSION AND CONTROL,https://cecgis-caenergy.opendata.arcgis.com/,2018/04/25,IMAGERY/OTHER,2018/04/25,SAN DIEGO GAS & ELECTRIC,69.000000000000000,UNDER 100,N,CABRILLO,POINT LOMA,6428.255005016069845
"82184","300405","AC; OVERHEAD",NOT AVAILABLE,"221121",ELECTRIC BULK POWER TRANSMISSION AND CONTROL,http://www.cpuc.ca.gov/environment/info/dudek/sbsrp/DR_16_SDGE_combined.pdf,2017/01/01,IMAGERY/OTHER,2017/01/01,SAN DIEGO GAS & ELECTRIC,69.000000000000000,UNDER 100,N,RANCHO SANTA FE,BERNARDO TAP,6970.380054732990175
"82248","300489","AC; OVERHEAD",NOT AVAILABLE,"221121",ELECTRIC BULK POWER TRANSMISSION AND CONTROL,California Energy Commission http://www.energy.ca.gov/reti/documents/2008-11-12_local_agencies/maps/CREZ_Southern_CA.pdf,2017/01/01,IMAGERY/OTHER,2017/01/01,SAN DIEGO GAS & ELECTRIC,69.000000000000000,UNDER 100,N,DEL MAR,ENCINITAS,12967.362118867400568
"82271","300506","AC; OVERHEAD",NOT AVAILABLE,"221121",ELECTRIC BULK POWER TRANSMISSION AND CONTROL,http://www.caiso.com/documents/presentation-preliminaryreliabilityassessmentresults-sep26_2013.pdf,2017/01/01,IMAGERY/OTHER,2017/01/01,SAN DIEGO GAS & ELECTRIC,69.000000000000000,UNDER 100,N,SILVERGATE,SAMPSON,131.583968678479010
"82299","300530","AC; OVERHEAD",IN SERVICE,"221121",ELECTRIC BULK POWER TRANSMISSION AND CONTROL,https://cecgis-caenergy.opendata.arcgis.com/,2018/04/25,IMAGERY/OTHER,2018/10/19,SAN DIEGO GAS & ELECTRIC,69.000000000000000,UNDER 100,N,CRESTWOOD,TAP302772,14691.879688368202551
"82330","300565","AC; OVERHEAD",NOT AVAILABLE,"221121",ELECTRIC BULK POWER TRANSMISSION AND CONTROL,http://www.caiso.com/2b5d/2b5db469fef0.pdf,2017/01/01,IMAGERY/OTHER,2017/01/01,SAN DIEGO GAS & ELECTRIC,69.000000000000000,UNDER 100,N,POMERADO,POWAY,5080.124522430490288
"82397","300641","AC; OVERHEAD",IN SERVICE,"221121",ELECTRIC BULK POWER TRANSMISSION AND CONTROL,https://cecgis-caenergy.opendata.arcgis.com/,2018/04/25,IMAGERY/OTHER,2018/04/25,SAN DIEGO GAS & ELECTRIC,69.000000000000000,UNDER 100,N,DEL MAR,RANCHO SANTA FE,9544.708703823938777
"82586","300867","AC; OVERHEAD",IN SERVICE,"221121",ELECTRIC BULK POWER TRANSMISSION AND CONTROL,Western Electricity Coordinating Council https://www.wecc.biz/Reliability/YEAR%202014%20OC%20MAP-1.pdf,2017/01/01,IMAGERY/OTHER,2017/01/01,SAN DIEGO GAS & ELECTRIC,230.000000000000000,220-287,N,PENASQUITOS,OLD TOWN,21929.728427490499598
"82592","300875","AC; OVERHEAD",NOT AVAILABLE,"221121",ELECTRIC BULK POWER TRANSMISSION AND CONTROL,http://www.cpuc.ca.gov/environment/info/aspen/sunrise/feir/cmts/E0004%20attachments/E4_Att01%20Existing%20ROW%20map.pdf,2017/01/01,IMAGERY/OTHER,2017/01/01,SAN DIEGO GAS & ELECTRIC,69.000000000000000,UNDER 100,N,JAMACHA,SPRING VALLEY,6299.023042683979838
"82600","300883","AC; OVERHEAD",NOT AVAILABLE,"221121",ELECTRIC BULK POWER TRANSMISSION AND CONTROL,http://www.caiso.com/documents/presentation-preliminaryreliabilityassessmentresults-sep26_2013.pdf,2017/01/01,IMAGERY/OTHER,2017/01/01,SAN DIEGO GAS & ELECTRIC,69.000000000000000,UNDER 100,N,IMPERIAL BEACH,OTAY TAP,6592.261102454420325
"82618","300901","AC; OVERHEAD",NOT AVAILABLE,"221121",ELECTRIC BULK POWER TRANSMISSION AND CONTROL,http://www.caiso.com/Documents/SDGE_2012-2013ProposedSolutions.pdf,2017/01/01,IMAGERY/OTHER,2017/01/01,SAN DIEGO GAS & ELECTRIC,69.000000000000000,UNDER 100,N,OTAY TAP,OTAY,788.605404770859991
"82692","300989","AC; OVERHEAD",NOT AVAILABLE,"221121",ELECTRIC BULK POWER TRANSMISSION AND CONTROL,http://www.caiso.com/Documents/SDGE_2012-2013ProposedSolutions.pdf,2017/01/01,IMAGERY/OTHER,2017/01/01,SAN DIEGO GAS & ELECTRIC,69.000000000000000,UNDER 100,N,SWEETWATER,MONTGOMERY,4828.215027137020115
"82718","301021","AC; OVERHEAD",NOT AVAILABLE,"221121",ELECTRIC BULK POWER TRANSMISSION AND CONTROL,http://www.caiso.com/2b5d/2b5db469fef0.pdf,2017/01/01,IMAGERY/OTHER,2017/01/01,SAN DIEGO GAS & ELECTRIC,69.000000000000000,UNDER 100,N,ESCO,ESCONDIDO,3670.289388826499362
"82833","301152","AC; OVERHEAD",IN SERVICE,"221121",ELECTRIC BULK POWER TRANSMISSION AND CONTROL,https://cecgis-caenergy.opendata.arcgis.com/,2018/04/25,IMAGERY/OTHER,2018/04/25,SAN DIEGO GAS & ELECTRIC,69.000000000000000,UNDER 100,N,DEL MAR,NOT AVAILABLE,13734.730013470500126
"83035","301399","AC; OVERHEAD",NOT AVAILABLE,"221121",ELECTRIC BULK POWER TRANSMISSION AND CONTROL,http://www.cpuc.ca.gov/environment/info/aspen/sunrise/deir/B%20Project%20Description.pdf,2017/01/01,IMAGERY/OTHER,2017/01/01,SAN DIEGO GAS & ELECTRIC,69.000000000000000,UNDER 100,N,CREELMAN,SANTA YSABEL,26199.085070016401005
"83040","301404","AC; OVERHEAD",NOT AVAILABLE,"221121",ELECTRIC BULK POWER TRANSMISSION AND CONTROL,California Energy Commission http://www.energy.ca.gov/reti/documents/2008-11-12_local_agencies/maps/CREZ_Southern_CA.pdf,2017/01/01,IMAGERY/OTHER,2017/01/01,SAN DIEGO GAS & ELECTRIC,69.000000000000000,UNDER 100,N,DOUBLETT,DUNHILL TAP,386.375981650956987
"83143","301522","AC; OVERHEAD",IN SERVICE,"221121",ELECTRIC BULK POWER TRANSMISSION AND CONTROL,https://cecgis-caenergy.opendata.arcgis.com/,2018/04/25,IMAGERY/OTHER,2019/01/22,SAN DIEGO GAS & ELECTRIC,69.000000000000000,UNDER 100,N,EASTGATE,ROSE CANYON,9536.313952563770727
"83159","301548","AC; OVERHEAD",IN SERVICE,"221121",ELECTRIC BULK POWER TRANSMISSION AND CONTROL,https://cecgis-caenergy.opendata.arcgis.com/,2018/04/25,IMAGERY/OTHER,2018/10/19,SAN DIEGO GAS & ELECTRIC,69.000000000000000,UNDER 100,N,TAP308169,BARRETT LAKE,43.132073116151602
"83326","301727","AC; OVERHEAD",IN SERVICE,"221121",ELECTRIC BULK POWER TRANSMISSION AND CONTROL,https://cecgis-caenergy.opendata.arcgis.com/,2018/04/25,IMAGERY/OTHER,2018/04/25,SAN DIEGO GAS & ELECTRIC,69.000000000000000,UNDER 100,N,WARNER,NOT AVAILABLE,43957.895333883003332
"83462","301890","AC; OVERHEAD",NOT AVAILABLE,"221121",ELECTRIC BULK POWER TRANSMISSION AND CONTROL,http://www.caiso.com/Documents/SDGE_2012-2013ProposedSolutions.pdf,2017/01/01,IMAGERY/OTHER,2017/01/01,SAN DIEGO GAS & ELECTRIC,69.000000000000000,UNDER 100,N,MONTGOMERY,SOUTH BAY,2255.683523990840058
"83482","301925","AC; OVERHEAD",IN SERVICE,"221121",ELECTRIC BULK POWER TRANSMISSION AND CONTROL,Western Electricity Coordinating Council https://www.wecc.biz/Reliability/YEAR%202014%20OC%20MAP-1.pdf,2017/01/01,IMAGERY/OTHER,2017/01/01,SAN DIEGO GAS & ELECTRIC,230.000000000000000,220-287,N,SILVERGATE,MIGUEL,32763.556865475398808
"83510","301947","AC; OVERHEAD",IN SERVICE,"221121",ELECTRIC BULK POWER TRANSMISSION AND CONTROL,https://cecgis-caenergy.opendata.arcgis.com/,2018/04/25,IMAGERY/OTHER,2018/04/25,SAN DIEGO GAS & ELECTRIC,69.000000000000000,UNDER 100,N,STATION F,SILVERGATE,9406.676820288670569
"83545","302062","AC; OVERHEAD",NOT AVAILABLE,"221121",ELECTRIC BULK POWER TRANSMISSION AND CONTROL,http://www.cpuc.ca.gov/environment/info/dudek/sbsrp/DR_16_SDGE_combined.pdf,2017/01/01,IMAGERY/OTHER,2017/01/01,SAN DIEGO GAS & ELECTRIC,69.000000000000000,UNDER 100,N,GENESEE,PENASQUITOS,6991.135495099119908
"83632","302091","AC; OVERHEAD",NOT AVAILABLE,"221121",ELECTRIC BULK POWER TRANSMISSION AND CONTROL,http://www.caiso.com/Documents/Presentation-PreliminaryReliabilityAssessmentResults-Sep26_2013.pdf,2017/01/01,IMAGERY/OTHER,2017/01/01,SAN DIEGO GAS & ELECTRIC,69.000000000000000,UNDER 100,N,SWEETWATER,SCRAP DISPOSAL CORP,3436.243720838940135
"83669","302139","AC; OVERHEAD",IN SERVICE,"221121",ELECTRIC BULK POWER TRANSMISSION AND CONTROL,Western Electricity Coordinating Council https://www.wecc.biz/Reliability/YEAR%202014%20OC%20MAP-1.pdf,2017/01/01,IMAGERY/OTHER,2017/01/01,SAN DIEGO GAS & ELECTRIC,230.000000000000000,220-287,N,SILVERGATE,OLD TOWN,11985.264932271800717
"83677","302150","AC; OVERHEAD",NOT AVAILABLE,"221121",ELECTRIC BULK POWER TRANSMISSION AND CONTROL,http://www.caiso.com/Documents/Day1-November19-20_2014StakeholderMeeting.pdf,2017/01/01,IMAGERY/OTHER,2017/01/01,SAN DIEGO GAS & ELECTRIC,69.000000000000000,UNDER 100,N,AVOCADO,PENDLETON,20523.923347358198953
"83699","302171","AC; OVERHEAD",IN SERVICE,"221121",ELECTRIC BULK POWER TRANSMISSION AND CONTROL,Western Electricity Coordinating Council https://www.wecc.biz/Reliability/YEAR%202014%20OC%20MAP-1.pdf,2017/01/01,IMAGERY/OTHER,2017/01/01,SAN DIEGO GAS & ELECTRIC,230.000000000000000,220-287,N,MISSION,SAN LUIS REY,67895.057596121303504
"83708","302179","AC; OVERHEAD",IN SERVICE,"221121",ELECTRIC BULK POWER TRANSMISSION AND CONTROL,Southern California Edison http://preview.tinyurl.com/q9vuye2,2017/01/01,IMAGERY/OTHER,2017/01/01,AZUSA LIGHT & POWER,115.000000000000000,100-161,N,STENT TAP,STADLER,9283.255249702129731
"83738","302219","AC; OVERHEAD",NOT AVAILABLE,"221121",ELECTRIC BULK POWER TRANSMISSION AND CONTROL,http://www.caiso.com/Documents/Presentation-PreliminaryReliabilityAssessmentResults-Sep26_2013.pdf,2017/01/01,IMAGERY/OTHER,2017/01/01,SAN DIEGO GAS & ELECTRIC,69.000000000000000,UNDER 100,N,MORRO HILL,MONSERATE,15395.346292083799199
"83754","302235","AC; OVERHEAD",IN SERVICE,"221121",ELECTRIC BULK POWER TRANSMISSION AND CONTROL,https://cecgis-caenergy.opendata.arcgis.com/,2018/04/25,IMAGERY/OTHER,2018/04/25,SAN DIEGO GAS & ELECTRIC,69.000000000000000,UNDER 100,N,TAP302772,TAP308035,11959.746304611700907
"83776","302260","AC; OVERHEAD",IN SERVICE,"221121",ELECTRIC BULK POWER TRANSMISSION AND CONTROL,https://cecgis-caenergy.opendata.arcgis.com/,2018/04/25,IMAGERY/OTHER,2018/04/25,SAN DIEGO GAS & ELECTRIC,69.000000000000000,UNDER 100,N,WABASH,STATION F,4114.153600283089872
"83803","302299","AC; OVERHEAD",NOT AVAILABLE,"221121",ELECTRIC BULK POWER TRANSMISSION AND CONTROL,http://www.caiso.com/Documents/Day1-November19-20_2014StakeholderMeeting.pdf,2017/01/01,IMAGERY/OTHER,2017/01/01,SAN DIEGO GAS & ELECTRIC,69.000000000000000,UNDER 100,N,WARREN CANYON TAP,POWAY,5767.734085957909883
"83814","302305","AC; OVERHEAD",IN SERVICE,"221121",ELECTRIC BULK POWER TRANSMISSION AND CONTROL,https://cecgis-caenergy.opendata.arcgis.com/,2018/04/25,IMAGERY/OTHER,2019/01/22,SAN DIEGO GAS & ELECTRIC,230.000000000000000,220-287,N,SUNCREST,NOT AVAILABLE,49480.942930612589407
"83816","302308","AC; OVERHEAD",NOT AVAILABLE,"221121",ELECTRIC BULK POWER TRANSMISSION AND CONTROL,http://www.cpuc.ca.gov/environment/info/dudek/sbsrp/DR_16_SDGE_combined.pdf,2017/01/01,IMAGERY/OTHER,2017/01/01,SAN DIEGO GAS & ELECTRIC,69.000000000000000,UNDER 100,N,NOT AVAILABLE,NORTH CITY WEST,16938.774309527401783
"83840","302348","AC; OVERHEAD",IN SERVICE,"221121",ELECTRIC BULK POWER TRANSMISSION AND CONTROL,Western Electricity Coordinating Council https://www.wecc.biz/Reliability/YEAR%202014%20OC%20MAP-1.pdf,2017/01/01,IMAGERY/OTHER,2017/01/01,SAN DIEGO GAS & ELECTRIC,230.000000000000000,220-287,N,PALOMAR,ESCONDIDO,23759.221083283799089
"83870","302376","AC; OVERHEAD",IN SERVICE,"221121",ELECTRIC BULK POWER TRANSMISSION AND CONTROL,https://cecgis-caenergy.opendata.arcgis.com/,2018/04/25,IMAGERY/OTHER,2018/04/25,SAN DIEGO GAS & ELECTRIC,69.000000000000000,UNDER 100,N,TAP302513,MELROSE,7050.122127561019624
"83975","302695","AC; OVERHEAD",NOT AVAILABLE,"221121",ELECTRIC BULK POWER TRANSMISSION AND CONTROL,http://www.caiso.com/Documents/Presentation-PreliminaryReliabilityAssessmentResults-Sep26_2013.pdf,2017/01/01,IMAGERY/OTHER,2017/01/01,SAN DIEGO GAS & ELECTRIC,69.000000000000000,UNDER 100,N,CALPEAK,BORDER,108.700409393410993
"83976","302494","AC; OVERHEAD",IN SERVICE,"221121",ELECTRIC BULK POWER TRANSMISSION AND CONTROL,https://cecgis-caenergy.opendata.arcgis.com/,2018/04/25,IMAGERY/OTHER,2018/04/25,SAN DIEGO GAS & ELECTRIC,69.000000000000000,UNDER 100,N,NARROWS,BORREGO,22074.864494295401528
"83986","302535","AC; OVERHEAD",NOT AVAILABLE,"221121",ELECTRIC BULK POWER TRANSMISSION AND CONTROL,http://www.caiso.com/Documents/Presentation-PreliminaryReliabilityAssessmentResults-Sep26_2013.pdf,2017/01/01,IMAGERY/OTHER,2017/12/05,SAN DIEGO GAS & ELECTRIC,69.000000000000000,UNDER 100,N,WABASH,STREAMVIEW,5116.402695523930561
"84024","302557","AC; OVERHEAD",NOT AVAILABLE,"221121",ELECTRIC BULK POWER TRANSMISSION AND CONTROL,http://www.caiso.com/Documents/Presentation-Draft2013-2014TransmissionPlanStakeholderMeetingFeb12_2014.pdf,2017/01/01,IMAGERY/OTHER,2017/01/01,SAN DIEGO GAS & ELECTRIC,69.000000000000000,UNDER 100,N,SYCAMORE CANYON,ARTESIAN,20874.855589120499644
"84142","302703","AC; OVERHEAD",NOT AVAILABLE,"221121",ELECTRIC BULK POWER TRANSMISSION AND CONTROL,California Energy Commission http://www.energy.ca.gov/sitingcases/chulavista/documents/applicant/afc/Volume_2_Appendices/Appendix_3A.pdf,2017/01/01,IMAGERY/OTHER,2017/01/01,SAN DIEGO GAS & ELECTRIC,69.000000000000000,UNDER 100,N,STATION B,CORONADO,2076.441266180010189
"84180","302759","AC; OVERHEAD",IN SERVICE,"221121",ELECTRIC BULK POWER TRANSMISSION AND CONTROL,IMAGERY,2019/02/21,IMAGERY/OTHER,2019/02/21,SAN DIEGO GAS & ELECTRIC,-999999.000000000000000,NOT AVAILABLE,N,OTAY MESA GENERATING PROJECT,OTAY MESA,261.263867152801026
"84185","302761","AC; OVERHEAD",NOT AVAILABLE,"221121",ELECTRIC BULK POWER TRANSMISSION AND CONTROL,http://www.caiso.com/2b5d/2b5db469fef0.pdf,2017/01/01,IMAGERY/OTHER,2017/01/01,SAN DIEGO GAS & ELECTRIC,69.000000000000000,UNDER 100,N,MURRAY,GARFIELD,3315.185468709430097
"84197","302777","AC; OVERHEAD",IN SERVICE,"221121",ELECTRIC BULK POWER TRANSMISSION AND CONTROL,https://cecgis-caenergy.opendata.arcgis.com/,2018/04/25,IMAGERY/OTHER,2018/10/19,SAN DIEGO GAS & ELECTRIC,69.000000000000000,UNDER 100,N,UNKNOWN309067,UNKNOWN303526,2752.104743067799973
"84207","302773","AC; OVERHEAD",NOT AVAILABLE,"221121",ELECTRIC BULK POWER TRANSMISSION AND CONTROL,http://www.cpuc.ca.gov/environment/info/dudek/sbsrp/2_Purpose_and_Need.pdf,2017/01/01,IMAGERY/OTHER,2017/01/01,SAN DIEGO GAS & ELECTRIC,69.000000000000000,UNDER 100,N,SAMPSON,DIVISION,3484.220752573579830
"84213","302780","AC; OVERHEAD",NOT AVAILABLE,"221121",ELECTRIC BULK POWER TRANSMISSION AND CONTROL,http://www.caiso.com/2b5d/2b5db469fef0.pdf,2017/01/01,IMAGERY/OTHER,2017/01/01,SAN DIEGO GAS & ELECTRIC,69.000000000000000,UNDER 100,N,MISSION,MESA HEIGHTS,8004.266636632370137
"84215","302782","AC; OVERHEAD",IN SERVICE,"221121",ELECTRIC BULK POWER TRANSMISSION AND CONTROL,https://cecgis-caenergy.opendata.arcgis.com/,2018/04/25,IMAGERY/OTHER,2018/04/25,SAN DIEGO GAS & ELECTRIC,69.000000000000000,UNDER 100,N,TAP318015,SUNNYSIDE,8503.630982111619232
"84240","302813","AC; OVERHEAD",IN SERVICE,"221121",ELECTRIC BULK POWER TRANSMISSION AND CONTROL,California Energy Commission http://www.energy.ca.gov/maps/,2017/01/01,IMAGERY/OTHER,2017/01/01,SAN DIEGO GAS & ELECTRIC,138.000000000000000,100-161,N,CARLTON HILLS TAP,SYCAMORE CANYON,10029.271111354897585
"84248","302818","AC; OVERHEAD",NOT AVAILABLE,"221121",ELECTRIC BULK POWER TRANSMISSION AND CONTROL,http://www.caiso.com/Documents/Day1-November19-20_2014StakeholderMeeting.pdf,2017/01/01,IMAGERY/OTHER,2017/01/01,SAN DIEGO GAS & ELECTRIC,69.000000000000000,UNDER 100,N,EL CAJON,GRANITE HILLS,9229.099634198850254
"84278","302854","AC; OVERHEAD",NOT AVAILABLE,"221121",ELECTRIC BULK POWER TRANSMISSION AND CONTROL,California Energy Commission http://www.energy.ca.gov/maps/,2017/01/01,IMAGERY/OTHER,2017/01/01,SAN DIEGO GAS & ELECTRIC,69.000000000000000,UNDER 100,N,LOS COCHES,GRANITE HILLS TAP,10161.203654622699105
"84297","302869","AC; OVERHEAD",IN SERVICE,"221121",ELECTRIC BULK POWER TRANSMISSION AND CONTROL,https://cecgis-caenergy.opendata.arcgis.com/,2018/04/25,IMAGERY/OTHER,2018/04/25,SAN DIEGO GAS & ELECTRIC,69.000000000000000,UNDER 100,N,WARNER,NOT AVAILABLE,48231.390690843203629
"84388","302982","AC; OVERHEAD",NOT AVAILABLE,"221121",ELECTRIC BULK POWER TRANSMISSION AND CONTROL,http://www.caiso.com/documents/presentation-preliminaryreliabilityassessmentresults-sep26_2013.pdf,2017/01/01,IMAGERY/OTHER,2017/01/01,SAN DIEGO GAS & ELECTRIC,69.000000000000000,UNDER 100,N,LAS PULGAS,STUART,10380.378399560400794
"84407","303011","AC; OVERHEAD",IN SERVICE,"221121",ELECTRIC BULK POWER TRANSMISSION AND CONTROL,https://cecgis-caenergy.opendata.arcgis.com/,2018/04/25,IMAGERY/OTHER,2018/04/25,SAN DIEGO GAS & ELECTRIC,69.000000000000000,UNDER 100,N,LA JOLLA,ROSE CANYON,7629.371144269889555
"84544","303216","AC; OVERHEAD",NOT AVAILABLE,"221121",ELECTRIC BULK POWER TRANSMISSION AND CONTROL,http://www.cpuc.ca.gov/environment/info/dudek/sbsrp/DR_13_SDGE.pdf,2017/01/01,IMAGERY/OTHER,2017/01/01,SAN DIEGO GAS & ELECTRIC,69.000000000000000,UNDER 100,N,KETTNER,STATION B,2677.109733892669738
"84561","303188","AC; OVERHEAD",NOT AVAILABLE,"221121",ELECTRIC BULK POWER TRANSMISSION AND CONTROL,http://www.cpuc.ca.gov/environment/info/dudek/sbsrp/DR_16_SDGE_combined.pdf,2017/01/01,IMAGERY/OTHER,2017/01/01,SAN DIEGO GAS & ELECTRIC,69.000000000000000,UNDER 100,N,LAKE HODGES,OLIVANHAIN,6909.935269507270277
"84598","303236","AC; OVERHEAD",IN SERVICE,"221121",ELECTRIC BULK POWER TRANSMISSION AND CONTROL,https://cecgis-caenergy.opendata.arcgis.com/,2018/04/25,IMAGERY/OTHER,2018/04/25,SAN DIEGO GAS & ELECTRIC,69.000000000000000,UNDER 100,N,HORNO,JAPANESE MESA,16550.011330353499943
"84648","303287","AC; OVERHEAD",IN SERVICE,"221121",ELECTRIC BULK POWER TRANSMISSION AND CONTROL,https://cecgis-caenergy.opendata.arcgis.com/,2018/04/25,IMAGERY/OTHER,2018/10/19,SAN DIEGO GAS & ELECTRIC,69.000000000000000,UNDER 100,N,TAP308035,DESCANSO,21454.048122359399713
"84654","303296","AC; OVERHEAD",IN SERVICE,"221121",ELECTRIC BULK POWER TRANSMISSION AND CONTROL,https://cecgis-caenergy.opendata.arcgis.com/,2018/04/25,IMAGERY/OTHER,2018/10/19,SAN DIEGO GAS & ELECTRIC,69.000000000000000,UNDER 100,N,CABRILLO,SITHE,4750.270010593480038
"84702","303360","AC; OVERHEAD",NOT AVAILABLE,"221121",ELECTRIC BULK POWER TRANSMISSION AND CONTROL,http://www.cpuc.ca.gov/environment/info/dudek/sbsrp/DR_16_SDGE_combined.pdf,2017/01/01,IMAGERY/OTHER,2017/01/01,SAN DIEGO GAS & ELECTRIC,69.000000000000000,UNDER 100,N,BERNARDO TAP,LAKE HODGES,5476.461836442469576
"84824","303531","AC; OVERHEAD",IN SERVICE,"221121",ELECTRIC BULK POWER TRANSMISSION AND CONTROL,https://cecgis-caenergy.opendata.arcgis.com/,2018/04/25,IMAGERY/OTHER,2019/01/24,SAN DIEGO GAS & ELECTRIC,69.000000000000000,UNDER 100,N,SCRIPPS,MIRAMAR,4615.410671359069966
"84868","303589","AC; OVERHEAD",IN SERVICE,"221121",ELECTRIC BULK POWER TRANSMISSION AND CONTROL,https://cecgis-caenergy.opendata.arcgis.com/,2018/04/25,IMAGERY/OTHER,2018/04/25,SAN DIEGO GAS & ELECTRIC,69.000000000000000,UNDER 100,N,NORTH CITY WEST,ENCINITAS,17047.319504149199929
"84912","303634","AC; OVERHEAD",IN SERVICE,"221121",ELECTRIC BULK POWER TRANSMISSION AND CONTROL,California Energy Commission http://www.energy.ca.gov/maps/,2017/01/01,IMAGERY/OTHER,2017/01/01,SAN DIEGO GAS & ELECTRIC,230.000000000000000,220-287,N,MIGUEL,SYCAMORE CANYON,53473.198028322498430
"84924","303650","AC; OVERHEAD",NOT AVAILABLE,"221121",ELECTRIC BULK POWER TRANSMISSION AND CONTROL,http://www.cpuc.ca.gov/environment/info/dudek/sbsrp/DR_16_SDGE_combined.pdf,2017/01/01,IMAGERY/OTHER,2017/01/01,SAN DIEGO GAS & ELECTRIC,69.000000000000000,UNDER 100,N,MIRAMAR,FENTON,3106.962498268960189
"85009","303758","AC; OVERHEAD",IN SERVICE,"221121",ELECTRIC BULK POWER TRANSMISSION AND CONTROL,Western Electricity Coordinating Council https://www.wecc.biz/Reliability/YEAR%202014%20OC%20MAP-1.pdf,2017/01/01,IMAGERY/OTHER,2017/01/01,SAN DIEGO GAS & ELECTRIC,230.000000000000000,220-287,N,SAN LUIS REY,SAN ONOFRE,35029.042805495097127
"85111","303917","AC; OVERHEAD",IN SERVICE,"221121",ELECTRIC BULK POWER TRANSMISSION AND CONTROL,https://cecgis-caenergy.opendata.arcgis.com/,2018/04/25,IMAGERY/OTHER,2018/10/19,SAN DIEGO GAS & ELECTRIC,69.000000000000000,UNDER 100,N,TAP307975,BARRETT,184.808818269959005
"85144","303929","AC; OVERHEAD",IN SERVICE,"221121",ELECTRIC BULK POWER TRANSMISSION AND CONTROL,Western Electricity Coordinating Council https://www.wecc.biz/Reliability/YEAR%202014%20OC%20MAP-1.pdf,2017/01/01,IMAGERY/OTHER,2017/01/01,NOT AVAILABLE,500.000000000000000,"500",N,IMPERIAL VALLEY,EAST COUNTY,59370.068050030400627
"85180","303979","AC; OVERHEAD",IN SERVICE,"221121",ELECTRIC BULK POWER TRANSMISSION AND CONTROL,https://cecgis-caenergy.opendata.arcgis.com/,2018/04/25,IMAGERY/OTHER,2018/04/25,SAN DIEGO GAS & ELECTRIC,69.000000000000000,UNDER 100,N,TAP307975,TAP305372,15042.448063443100182
"85221","304023","AC; OVERHEAD",NOT AVAILABLE,"221121",ELECTRIC BULK POWER TRANSMISSION AND CONTROL,http://www.caiso.com/documents/presentation-preliminaryreliabilityassessmentresults-sep26_2013.pdf,2017/01/01,IMAGERY/OTHER,2017/01/01,SAN DIEGO GAS & ELECTRIC,69.000000000000000,UNDER 100,N,IMPERIAL BEACH,SOUTH BAY,5103.344640682359568
"85369","304216","AC; OVERHEAD",IN SERVICE,"221121",ELECTRIC BULK POWER TRANSMISSION AND CONTROL,Western Electricity Coordinating Council https://www.wecc.biz/Reliability/YEAR%202014%20OC%20MAP-1.pdf,2017/01/01,IMAGERY/OTHER,2017/01/01,SAN DIEGO GAS & ELECTRIC,230.000000000000000,220-287,N,ESCONDIDO,TALEGA,98369.091787754296092
"85398","304270","AC; OVERHEAD",NOT AVAILABLE,"221121",ELECTRIC BULK POWER TRANSMISSION AND CONTROL,http://www.caiso.com/Documents/SDGE_2012-2013ProposedSolutions.pdf,2017/01/01,IMAGERY/OTHER,2017/01/01,SAN DIEGO GAS & ELECTRIC,69.000000000000000,UNDER 100,N,SAN YSIDRO,BORDER TAP,13273.327882051800771
"85453","304347","AC; OVERHEAD",NOT AVAILABLE,"221121",ELECTRIC BULK POWER TRANSMISSION AND CONTROL,http://www.caiso.com/Documents/SDGE_2012-2013ProposedSolutions.pdf,2017/01/01,IMAGERY/OTHER,2017/01/01,SAN DIEGO GAS & ELECTRIC,69.000000000000000,UNDER 100,N,BORDER TAP,OTAY LAKE,1417.611237723089971
"85476","304334","AC; OVERHEAD",NOT AVAILABLE,"221121",ELECTRIC BULK POWER TRANSMISSION AND CONTROL,California Energy Commission http://www.energy.ca.gov/maps/,2017/01/01,IMAGERY/OTHER,2017/01/01,SAN DIEGO GAS & ELECTRIC,69.000000000000000,UNDER 100,N,LOS COCHES,CREELMAN,23123.988432094000018
"85484","304345","AC; OVERHEAD",NOT AVAILABLE,"221121",ELECTRIC BULK POWER TRANSMISSION AND CONTROL,http://www.caiso.com/Documents/Presentation-PreliminaryReliabilityAssessmentResults-Sep26_2013.pdf,2017/01/01,IMAGERY/OTHER,2017/01/01,SAN DIEGO GAS & ELECTRIC,69.000000000000000,UNDER 100,N,OLD TOWN,PACIFIC BEACH,7372.355849626000236
"85539","304410","AC; OVERHEAD",NOT AVAILABLE,"221121",ELECTRIC BULK POWER TRANSMISSION AND CONTROL,http://www.cpuc.ca.gov/environment/info/dudek/sbsrp/DR_16_SDGE_combined.pdf,2017/01/01,IMAGERY/OTHER,2017/01/01,SAN DIEGO GAS & ELECTRIC,69.000000000000000,UNDER 100,N,BERNARDO,BERNARDO TAP,8621.616577298169432
"85648","304542","AC; OVERHEAD",IN SERVICE,"221121",ELECTRIC BULK POWER TRANSMISSION AND CONTROL,https://cecgis-caenergy.opendata.arcgis.com/,2018/04/25,IMAGERY/OTHER,2018/04/25,SAN DIEGO GAS & ELECTRIC,69.000000000000000,UNDER 100,N,TAP302696,CHOLLAS,11900.539407232399753
"85656","304549","AC; OVERHEAD",IN SERVICE,"221121",ELECTRIC BULK POWER TRANSMISSION AND CONTROL,https://cecgis-caenergy.opendata.arcgis.com/,2018/04/25,IMAGERY/OTHER,2018/04/25,SAN DIEGO GAS & ELECTRIC,69.000000000000000,UNDER 100,N,TAP308035,GLENCLIFF,116.404939641168994
"85659","304552","AC; OVERHEAD",NOT AVAILABLE,"221121",ELECTRIC BULK POWER TRANSMISSION AND CONTROL,California Energy Commission http://www.energy.ca.gov/maps/,2017/01/01,IMAGERY/OTHER,2017/01/01,SAN DIEGO GAS & ELECTRIC,69.000000000000000,UNDER 100,N,JAMACHA TAP,GRANITE HILLS TAP,9631.290042497490504
"85749","304666","AC; OVERHEAD",IN SERVICE,"221121",ELECTRIC BULK POWER TRANSMISSION AND CONTROL,California Energy Commission http://www.energy.ca.gov/maps/,2017/01/01,IMAGERY/OTHER,2017/01/01,SAN DIEGO GAS & ELECTRIC,138.000000000000000,100-161,N,MISSION,CARLTON HILLS TAP,15791.155821401500361
"85789","304737","AC; OVERHEAD",IN SERVICE,"221121",ELECTRIC BULK POWER TRANSMISSION AND CONTROL,Southern California Edison http://preview.tinyurl.com/q9vuye2,2017/01/01,IMAGERY/OTHER,2017/01/01,AZUSA LIGHT & POWER,115.000000000000000,100-161,N,VALLEY,AULD,21195.691800629301724
"85826","304752","AC; OVERHEAD",IN SERVICE,"221121",ELECTRIC BULK POWER TRANSMISSION AND CONTROL,Western Electricity Coordinating Council https://www.wecc.biz/Reliability/YEAR%202014%20OC%20MAP-1.pdf,2017/01/01,IMAGERY/OTHER,2017/01/01,SAN DIEGO GAS & ELECTRIC,230.000000000000000,220-287,N,ENCINA,SAN LUIS REY,14074.220578430000387
"85922","304868","AC; OVERHEAD",NOT AVAILABLE,"221121",ELECTRIC BULK POWER TRANSMISSION AND CONTROL,http://www.caiso.com/2b5d/2b5db469fef0.pdf,2017/01/01,IMAGERY/OTHER,2017/01/01,SAN DIEGO GAS & ELECTRIC,69.000000000000000,UNDER 100,N,POWAY,RANCHO CARMEL,7011.719829694650798
"85974","304922","AC; OVERHEAD",IN SERVICE,"221121",ELECTRIC BULK POWER TRANSMISSION AND CONTROL,California Energy Commission http://www.energy.ca.gov/maps/,2017/01/01,IMAGERY/OTHER,2017/01/01,SAN DIEGO GAS & ELECTRIC,230.000000000000000,220-287,N,MIGUEL,SYCAMORE CANYON,53506.634148565601208
"86020","304974","AC; OVERHEAD",IN SERVICE,"221121",ELECTRIC BULK POWER TRANSMISSION AND CONTROL,https://cecgis-caenergy.opendata.arcgis.com/,2018/04/25,IMAGERY/OTHER,2018/04/25,SAN DIEGO GAS & ELECTRIC,69.000000000000000,UNDER 100,N,TAP310795,UNKNOWN301797,15064.157398813900727
"86042","305010","AC; OVERHEAD",NOT AVAILABLE,"221121",ELECTRIC BULK POWER TRANSMISSION AND CONTROL,http://www.caiso.com/Documents/Presentation-PreliminaryReliabilityAssessmentResults-Sep26_2013.pdf,2017/01/01,IMAGERY/OTHER,2017/01/01,SAN DIEGO GAS & ELECTRIC,69.000000000000000,UNDER 100,N,MELROSE,MORRO HILL,11579.285151852700437
"86070","305040","AC; OVERHEAD",NOT AVAILABLE,"221121",ELECTRIC BULK POWER TRANSMISSION AND CONTROL,http://www.caiso.com/Documents/Presentation-PreliminaryReliabilityAssessmentResults-Sep26_2013.pdf,2017/01/01,IMAGERY/OTHER,2017/01/01,SAN DIEGO GAS & ELECTRIC,69.000000000000000,UNDER 100,N,SWEETWATER,MIGUEL,13270.956283524399623
"86104","305075","AC; OVERHEAD",IN SERVICE,"221121",ELECTRIC BULK POWER TRANSMISSION AND CONTROL,https://cecgis-caenergy.opendata.arcgis.com/,2018/04/25,IMAGERY/OTHER,2018/04/25,SAN DIEGO GAS & ELECTRIC,69.000000000000000,UNDER 100,N,TAP310795,VALLEY CENTER,1077.559820069760008
"86183","305204","AC; OVERHEAD",NOT AVAILABLE,"221121",ELECTRIC BULK POWER TRANSMISSION AND CONTROL,http://www.caiso.com/Documents/Day1-November19-20_2014StakeholderMeeting.pdf,2017/01/01,IMAGERY/OTHER,2017/01/01,SAN DIEGO GAS & ELECTRIC,69.000000000000000,UNDER 100,N,LILAC,PALA,17039.655283718799183
"86201","305213","AC; OVERHEAD",NOT AVAILABLE,"221121",ELECTRIC BULK POWER TRANSMISSION AND CONTROL,California Energy Commission http://www.energy.ca.gov/reti/documents/2008-11-12_local_agencies/maps/CREZ_Southern_CA.pdf,2017/01/01,IMAGERY/OTHER,2017/01/01,SAN DIEGO GAS & ELECTRIC,69.000000000000000,UNDER 100,N,DUNHILL,DUNHILL TAP,114.347123369608994
"86202","305197","AC; OVERHEAD",IN SERVICE,"221121",ELECTRIC BULK POWER TRANSMISSION AND CONTROL,https://cecgis-caenergy.opendata.arcgis.com/,2018/04/25,IMAGERY/OTHER,2018/04/25,SAN DIEGO GAS & ELECTRIC,69.000000000000000,UNDER 100,N,ASH,NOT AVAILABLE,5792.190898746020139
"86242","305246","AC; OVERHEAD",IN SERVICE,"221121",ELECTRIC BULK POWER TRANSMISSION AND CONTROL,https://cecgis-caenergy.opendata.arcgis.com/,2018/04/25,IMAGERY/OTHER,2018/04/25,SAN DIEGO GAS & ELECTRIC,69.000000000000000,UNDER 100,N,NOT AVAILABLE,LILAC,16701.131617900500714
"86262","305274","AC; OVERHEAD",NOT AVAILABLE,"221121",ELECTRIC BULK POWER TRANSMISSION AND CONTROL,http://www.caiso.com/Documents/Presentation-PreliminaryReliabilityAssessmentResults-Sep26_2013.pdf,2017/01/01,IMAGERY/OTHER,2017/01/01,SAN DIEGO GAS & ELECTRIC,69.000000000000000,UNDER 100,N,STREAMVIEW,CHOLLAS,4125.727263082540048
"86264","305276","AC; OVERHEAD",NOT AVAILABLE,"221121",ELECTRIC BULK POWER TRANSMISSION AND CONTROL,http://www.caiso.com/Documents/Day1-November19-20_2014StakeholderMeeting.pdf,2017/01/01,IMAGERY/OTHER,2017/01/01,SAN DIEGO GAS & ELECTRIC,69.000000000000000,UNDER 100,N,ESCO,WARREN CANYON TAP,18509.487489540100796
"86342","305376","AC; OVERHEAD",NOT AVAILABLE,"221121",ELECTRIC BULK POWER TRANSMISSION AND CONTROL,http://www.caiso.com/Documents/Day1-November19-20_2014StakeholderMeeting.pdf,2017/01/01,IMAGERY/OTHER,2017/01/01,SAN DIEGO GAS & ELECTRIC,69.000000000000000,UNDER 100,N,SAN LUIS REY,PENDLETON,14602.275015344699568
"86360","305392","AC; OVERHEAD",NOT AVAILABLE,"221121",ELECTRIC BULK POWER TRANSMISSION AND CONTROL,http://www.caiso.com/Documents/Presentation-PreliminaryReliabilityAssessmentResults-Sep26_2013.pdf,2017/01/01,IMAGERY/OTHER,2017/12/05,SAN DIEGO GAS & ELECTRIC,69.000000000000000,UNDER 100,N,LA JOLLA,ROSE CANYON,4487.402918709720325
"86418","305457","AC; OVERHEAD",IN SERVICE,"221121",ELECTRIC BULK POWER TRANSMISSION AND CONTROL,https://cecgis-caenergy.opendata.arcgis.com/,2018/04/25,IMAGERY/OTHER,2019/01/23,SAN DIEGO GAS & ELECTRIC,69.000000000000000,UNDER 100,N,GENESEE,RISER310191,3001.110380116880606
"86427","305465","AC; OVERHEAD",NOT AVAILABLE,"221121",ELECTRIC BULK POWER TRANSMISSION AND CONTROL,California Energy Commission http://www.energy.ca.gov/reti/documents/2008-11-12_local_agencies/maps/CREZ_Southern_CA.pdf,2017/01/01,IMAGERY/OTHER,2017/01/01,SAN DIEGO GAS & ELECTRIC,69.000000000000000,UNDER 100,N,PENASQUITOS,DOUBLETT,3562.688448704369875
"86459","305517","AC; OVERHEAD",NOT AVAILABLE,"221121",ELECTRIC BULK POWER TRANSMISSION AND CONTROL,http://www.caiso.com/Documents/Presentation-PreliminaryReliabilityAssessmentResults-Sep26_2013.pdf,2017/01/01,IMAGERY/OTHER,2017/08/22,SAN DIEGO GAS & ELECTRIC,69.000000000000000,UNDER 100,N,ROSE CANYON,EASTGATE,16213.396285174700097
"86704","305799","AC; OVERHEAD",NOT AVAILABLE,"221121",ELECTRIC BULK POWER TRANSMISSION AND CONTROL,http://www.caiso.com/Documents/Presentation-PTOProposedMitigationSolutions-Sep25_2014.pdf,2017/01/01,IMAGERY/OTHER,2017/01/01,SAN DIEGO GAS & ELECTRIC,69.000000000000000,UNDER 100,N,POMERADO,SYCAMORE CANYON,3693.765670786289775
"86747","305843","AC; OVERHEAD",IN SERVICE,"221121",ELECTRIC BULK POWER TRANSMISSION AND CONTROL,Western Electricity Coordinating Council https://www.wecc.biz/Reliability/YEAR%202014%20OC%20MAP-1.pdf,2017/01/01,IMAGERY/OTHER,2017/01/01,SAN DIEGO GAS & ELECTRIC,230.000000000000000,220-287,N,ENCINA,SAN LUIS REY,14057.621679664600379
"86846","305969","AC; OVERHEAD",NOT AVAILABLE,"221121",ELECTRIC BULK POWER TRANSMISSION AND CONTROL,"http://www.caiso.com/Documents/Presentation-PreliminaryReliabilityAssessmentResults-Sep26_2013.pdf; Cal Iso Chula Vista Expansion Project",2017/01/01,IMAGERY/OTHER,2017/01/01,SAN DIEGO GAS & ELECTRIC,69.000000000000000,UNDER 100,N,BORDER,LARKSPUR ENERGY,648.389775871176994
"87005","306145","AC; OVERHEAD",IN SERVICE,"221121",ELECTRIC BULK POWER TRANSMISSION AND CONTROL,https://cecgis-caenergy.opendata.arcgis.com/,2018/04/25,IMAGERY/OTHER,2018/04/25,SAN DIEGO GAS & ELECTRIC,69.000000000000000,UNDER 100,N,SAN MARCOS,TAP302513,12202.151711591701314
"87256","306451","AC; OVERHEAD",IN SERVICE,"221121",ELECTRIC BULK POWER TRANSMISSION AND CONTROL,Southern California Edison http://preview.tinyurl.com/q9vuye2,2017/01/01,IMAGERY/OTHER,2017/01/01,AZUSA LIGHT & POWER,115.000000000000000,100-161,N,NEWCOMB TAP,SKYLARK,22159.218756469301297
"87275","306572","AC; OVERHEAD",NOT AVAILABLE,"221121",ELECTRIC BULK POWER TRANSMISSION AND CONTROL,http://www.caiso.com/Documents/Presentation-PreliminaryReliabilityAssessmentResults-Sep26_2013.pdf,2017/01/01,IMAGERY/OTHER,2017/01/01,SAN DIEGO GAS & ELECTRIC,69.000000000000000,UNDER 100,N,PARADISE,SUNNYSIDE,6510.242383151009562
"87284","306477","AC; OVERHEAD",IN SERVICE,"221121",ELECTRIC BULK POWER TRANSMISSION AND CONTROL,http://www.cpuc.ca.gov/NR/rdonlyres/AEDFD614-B96D-4C26-8DAB-BB23046DB98C/0/April172012cpucworkshopv7.pdf,2017/01/01,IMAGERY/OTHER,2017/01/01,SAN DIEGO GAS & ELECTRIC,138.000000000000000,100-161,N,MISSION,FRIARS,2639.040461256749950
"87642","306914","AC; OVERHEAD",IN SERVICE,"221121",ELECTRIC BULK POWER TRANSMISSION AND CONTROL,https://cecgis-caenergy.opendata.arcgis.com/,2018/04/25,IMAGERY/OTHER,2018/04/25,SAN DIEGO GAS & ELECTRIC,69.000000000000000,UNDER 100,N,SANTA YSABEL,NOT AVAILABLE,13437.838692739400358
"87674","306950","AC; OVERHEAD",IN SERVICE,"221121",ELECTRIC BULK POWER TRANSMISSION AND CONTROL,Western Electricity Coordinating Council https://www.wecc.biz/Reliability/YEAR%202014%20OC%20MAP-1.pdf,2017/01/01,IMAGERY/OTHER,2017/01/01,SAN DIEGO GAS & ELECTRIC,230.000000000000000,220-287,N,PALOMAR,ESCONDIDO,23676.190385717298341
"87697","306980","AC; OVERHEAD",IN SERVICE,"221121",ELECTRIC BULK POWER TRANSMISSION AND CONTROL,Western Electricity Coordinating Council https://www.wecc.biz/Reliability/YEAR%202014%20OC%20MAP-1.pdf,2017/01/01,IMAGERY/OTHER,2017/01/01,SAN DIEGO GAS & ELECTRIC,230.000000000000000,220-287,N,SAN LUIS REY,PALOMAR,14372.568762432700169
"87714","306999","AC; OVERHEAD",IN SERVICE,"221121",ELECTRIC BULK POWER TRANSMISSION AND CONTROL,Southern California Edison http://preview.tinyurl.com/q9vuye2,2017/01/01,IMAGERY/OTHER,2017/01/01,AZUSA LIGHT & POWER,115.000000000000000,100-161,N,PAUBA,TRITON,15098.876062213999830
"87721","307006","AC; OVERHEAD",IN SERVICE,"221121",ELECTRIC BULK POWER TRANSMISSION AND CONTROL,https://cecgis-caenergy.opendata.arcgis.com/,2018/04/25,IMAGERY/OTHER,2019/01/22,SAN DIEGO GAS & ELECTRIC,230.000000000000000,220-287,N,SHADOWRIDGE,SAN LUIS REY,14714.592834740700710
"87858","307173","AC; OVERHEAD",NOT AVAILABLE,"221121",ELECTRIC BULK POWER TRANSMISSION AND CONTROL,California Energy Commission http://www.energy.ca.gov/maps/,2017/01/01,IMAGERY/OTHER,2017/01/01,SAN DIEGO GAS & ELECTRIC,69.000000000000000,UNDER 100,N,NORTH ISLAND QF,NORTH ISLAND,1329.876311002380135
"87861","307191","AC; OVERHEAD",NOT AVAILABLE,"221121",ELECTRIC BULK POWER TRANSMISSION AND CONTROL,http://www.cpuc.ca.gov/environment/info/dudek/sbsrp/DR_16_SDGE_combined.pdf,2017/01/01,IMAGERY/OTHER,2017/01/01,SAN DIEGO GAS & ELECTRIC,69.000000000000000,UNDER 100,N,UCSD,GENESEE,1113.954029931290052
"87927","307258","AC; OVERHEAD",NOT AVAILABLE,"221121",ELECTRIC BULK POWER TRANSMISSION AND CONTROL,http://www.caiso.com/documents/presentation-preliminaryreliabilityassessmentresults-sep26_2013.pdf,2017/01/01,IMAGERY/OTHER,2017/01/01,SAN DIEGO GAS & ELECTRIC,69.000000000000000,UNDER 100,N,JAPANESE MESA,LAS PULGAS,12853.070999545599989
"87996","307359","AC; OVERHEAD",NOT AVAILABLE,"221121",ELECTRIC BULK POWER TRANSMISSION AND CONTROL,http://www.caiso.com/Documents/SDGE_2012-2013ProposedSolutions.pdf,2017/01/01,IMAGERY/OTHER,2017/01/01,SAN DIEGO GAS & ELECTRIC,69.000000000000000,UNDER 100,N,OTAY,SOUTH BAY,6350.299272365020443
"88027","307376","AC; OVERHEAD",IN SERVICE,"221121",ELECTRIC BULK POWER TRANSMISSION AND CONTROL,Western Electricity Coordinating Council https://www.wecc.biz/Reliability/YEAR%202014%20OC%20MAP-1.pdf,2017/01/01,IMAGERY/OTHER,2017/01/01,SAN DIEGO GAS & ELECTRIC,230.000000000000000,220-287,N,OTAY MESA,MIGUEL,17009.278725355099596
"88055","307414","AC; OVERHEAD",NOT AVAILABLE,"221121",ELECTRIC BULK POWER TRANSMISSION AND CONTROL,http://www.caiso.com/2b5d/2b5db469fef0.pdf,2017/01/01,IMAGERY/OTHER,2017/01/01,SAN DIEGO GAS & ELECTRIC,69.000000000000000,UNDER 100,N,JAMACHA,EL CAJON,9251.584887856150090
"88072","307423","AC; OVERHEAD",NOT AVAILABLE,"221121",ELECTRIC BULK POWER TRANSMISSION AND CONTROL,http://www.caiso.com/Documents/SDGE_2012-2013ProposedSolutions.pdf,2017/01/01,IMAGERY/OTHER,2017/01/01,SAN DIEGO GAS & ELECTRIC,69.000000000000000,UNDER 100,N,OTAY,SOUTH BAY,7317.686157701329648
"88127","307494","AC; OVERHEAD",NOT AVAILABLE,"221121",ELECTRIC BULK POWER TRANSMISSION AND CONTROL,http://www.cpuc.ca.gov/environment/info/dudek/sbsrp/DR_16_SDGE_combined.pdf,2017/01/01,IMAGERY/OTHER,2017/01/01,SAN DIEGO GAS & ELECTRIC,69.000000000000000,UNDER 100,N,OLIVANHAIN,ESCONDIDO,9901.992942048318582
"88135","307503","AC; OVERHEAD",NOT AVAILABLE,"221121",ELECTRIC BULK POWER TRANSMISSION AND CONTROL,http://www.caiso.com/Documents/SDGE_2012-2013ProposedSolutions.pdf,2017/01/01,IMAGERY/OTHER,2017/01/01,SAN DIEGO GAS & ELECTRIC,69.000000000000000,UNDER 100,N,BORDER TAP,BORDER,4894.345023813710213
"88262","307655","AC; OVERHEAD",IN SERVICE,"221121",ELECTRIC BULK POWER TRANSMISSION AND CONTROL,Southern California Edison http://preview.tinyurl.com/q9vuye2,2017/01/01,IMAGERY/OTHER,2017/01/01,AZUSA LIGHT & POWER,115.000000000000000,100-161,N,AULD,MORAGA,15757.407266871699903
"88351","307766","AC; OVERHEAD",IN SERVICE,"221121",ELECTRIC BULK POWER TRANSMISSION AND CONTROL,https://cecgis-caenergy.opendata.arcgis.com/,2018/04/25,IMAGERY/OTHER,2018/04/25,SAN DIEGO GAS & ELECTRIC,69.000000000000000,UNDER 100,N,RINCON,TAP310795,13733.714159763299904
"88450","307880","AC; OVERHEAD",IN SERVICE,"221121",ELECTRIC BULK POWER TRANSMISSION AND CONTROL,https://cecgis-caenergy.opendata.arcgis.com/,2018/04/25,IMAGERY/OTHER,2018/04/25,IMPERIAL IRRIGATION DISTRICT,92.000000000000000,UNDER 100,N,SUPERSTITION,SAN FELIPE,51552.146942146297079
"88485","307927","AC; OVERHEAD",IN SERVICE,"221121",ELECTRIC BULK POWER TRANSMISSION AND CONTROL,California Energy Commission http://www.energy.ca.gov/maps/,2017/01/01,IMAGERY/OTHER,2017/01/01,SAN DIEGO GAS & ELECTRIC,138.000000000000000,100-161,N,SANTEE,LOS COCHES,14170.637844201099142
"88560","308018","AC; OVERHEAD",IN SERVICE,"221121",ELECTRIC BULK POWER TRANSMISSION AND CONTROL,Southern California Edison http://preview.tinyurl.com/q9vuye2,2017/01/01,IMAGERY/OTHER,2017/01/01,AZUSA LIGHT & POWER,115.000000000000000,100-161,N,AULD,MORAGA,17246.180726048198267
"88561","308020","AC; OVERHEAD",NOT AVAILABLE,"221121",ELECTRIC BULK POWER TRANSMISSION AND CONTROL,California Energy Commission http://www.energy.ca.gov/reti/documents/2008-11-12_local_agencies/maps/CREZ_Southern_CA.pdf,2017/01/01,IMAGERY/OTHER,2017/01/01,SAN DIEGO GAS & ELECTRIC,69.000000000000000,UNDER 100,N,PENASQUITOS,TORREY PINES,5044.197252382209626
"88564","308023","AC; OVERHEAD",NOT AVAILABLE,"221121",ELECTRIC BULK POWER TRANSMISSION AND CONTROL,http://www.caiso.com/Documents/Day1-November19-20_2014StakeholderMeeting.pdf,2017/01/01,IMAGERY/OTHER,2017/01/01,SAN DIEGO GAS & ELECTRIC,69.000000000000000,UNDER 100,N,WARREN CANYON TAP,WARREN CANYON,4105.992634688260296
"88884","308390","AC; OVERHEAD",IN SERVICE,"221121",ELECTRIC BULK POWER TRANSMISSION AND CONTROL,https://cecgis-caenergy.opendata.arcgis.com/,2018/04/25,IMAGERY/OTHER,2019/01/07,"ANZA ELECTRIC COOPERATIVE, INC.",34.000000000000000,UNDER 100,N,TONY LAPPOS,LAKE RIVERSIDE,20035.491349627398449
"89062","308596","AC; OVERHEAD",IN SERVICE,"221121",ELECTRIC BULK POWER TRANSMISSION AND CONTROL,https://cecgis-caenergy.opendata.arcgis.com/,2018/04/25,IMAGERY/OTHER,2018/10/19,SAN DIEGO GAS & ELECTRIC,69.000000000000000,UNDER 100,N,LOVELAND,LOS COCHES,22240.335730684400914
"89091","308635","AC; OVERHEAD",NOT AVAILABLE,"221121",ELECTRIC BULK POWER TRANSMISSION AND CONTROL,http://www.caiso.com/Documents/Day1-November19-20_2014StakeholderMeeting.pdf,2017/01/01,IMAGERY/OTHER,2017/01/01,SAN DIEGO GAS & ELECTRIC,69.000000000000000,UNDER 100,N,BERNARDO,RANCHO CARMEL,5925.644636567270027
"89142","308723","AC; OVERHEAD",IN SERVICE,"221121",ELECTRIC BULK POWER TRANSMISSION AND CONTROL,Southern California Edison http://preview.tinyurl.com/q9vuye2,2017/01/01,IMAGERY/OTHER,2017/01/01,AZUSA LIGHT & POWER,115.000000000000000,100-161,N,TRITON,AULD,10171.887324480901952
"89154","308712","AC; OVERHEAD",IN SERVICE,"221121",ELECTRIC BULK POWER TRANSMISSION AND CONTROL,Western Electricity Coordinating Council https://www.wecc.biz/Reliability/YEAR%202014%20OC%20MAP-1.pdf,2017/01/01,IMAGERY/OTHER,2017/01/01,SAN DIEGO GAS & ELECTRIC,138.000000000000000,100-161,N,SOUTH BAY,TELEGRAPH CANYON,12592.437839140800861
"89226","308794","AC; OVERHEAD",IN SERVICE,"221121",ELECTRIC BULK POWER TRANSMISSION AND CONTROL,Southern California Edison http://preview.tinyurl.com/q9vuye2,2017/01/01,IMAGERY/OTHER,2017/01/01,AZUSA LIGHT & POWER,115.000000000000000,100-161,N,PAUBA,PECHANGA,14527.786754972799827
"89254","308822","AC; OVERHEAD",IN SERVICE,"221121",ELECTRIC BULK POWER TRANSMISSION AND CONTROL,Western Electricity Coordinating Council https://www.wecc.biz/Reliability/YEAR%202014%20OC%20MAP-1.pdf,2017/01/01,IMAGERY/OTHER,2017/01/01,SAN DIEGO GAS & ELECTRIC,230.000000000000000,220-287,N,SAN LUIS REY,SAN ONOFRE,34285.514055258703593
"89259","308836","AC; OVERHEAD",NOT AVAILABLE,"221121",ELECTRIC BULK POWER TRANSMISSION AND CONTROL,California Energy Commission http://www.energy.ca.gov/maps/,2017/01/01,IMAGERY/OTHER,2017/01/01,SAN DIEGO GAS & ELECTRIC,69.000000000000000,UNDER 100,N,GRANITE HILLS,GRANITE HILLS TAP,4098.901819992360288
"89284","308864","AC; OVERHEAD",IN SERVICE,"221121",ELECTRIC BULK POWER TRANSMISSION AND CONTROL,https://cecgis-caenergy.opendata.arcgis.com/,2018/04/25,IMAGERY/OTHER,2018/04/25,SAN DIEGO GAS & ELECTRIC,69.000000000000000,UNDER 100,N,JAMACHA,MIGUEL,16837.908913578401553
"89319","308906","AC; OVERHEAD",IN SERVICE,"221121",ELECTRIC BULK POWER TRANSMISSION AND CONTROL,IMAGERY,2019/02/21,IMAGERY/OTHER,2019/02/21,NOT AVAILABLE,69.000000000000000,UNDER 100,Y,OTAY MESA,UNKNOWN309070,8539.816167395840239
"89358","308953","AC; OVERHEAD",IN SERVICE,"221121",ELECTRIC BULK POWER TRANSMISSION AND CONTROL,https://cecgis-caenergy.opendata.arcgis.com/,2018/04/25,IMAGERY/OTHER,2018/04/25,IID,92.000000000000000,UNDER 100,N,SAN FELIPE,NARROWS,21141.134045520298969
"89528","309154","AC; OVERHEAD",NOT AVAILABLE,"221121",ELECTRIC BULK POWER TRANSMISSION AND CONTROL,http://www.caiso.com/Documents/Presentation-PreliminaryReliabilityAssessmentResults-Sep26_2013.pdf,2017/01/01,IMAGERY/OTHER,2017/08/22,SAN DIEGO GAS & ELECTRIC,69.000000000000000,UNDER 100,N,TAP302696,WABASH,12846.467988979400616
"89538","309171","AC; OVERHEAD",NOT AVAILABLE,"221121",ELECTRIC BULK POWER TRANSMISSION AND CONTROL,IMAGERY,2017/06/02,IMAGERY,2017/06/02,SAN DIEGO GAS & ELECTRIC,69.000000000000000,UNDER 100,Y,EL CAJON ENERGY CENTER,EL CAJON,89.395045850911700
"89544","309189","AC; OVERHEAD",NOT AVAILABLE,"221121",ELECTRIC BULK POWER TRANSMISSION AND CONTROL,http://www.caiso.com/Documents/Presentation-Draft2013-2014TransmissionPlanStakeholderMeetingFeb12_2014.pdf,2017/01/01,IMAGERY/OTHER,2017/01/01,SAN DIEGO GAS & ELECTRIC,69.000000000000000,UNDER 100,N,ESCONDIDO,FELICIA,8573.469685980440772
"89699","309350","AC; OVERHEAD",NOT AVAILABLE,"221121",ELECTRIC BULK POWER TRANSMISSION AND CONTROL,https://www.portofsandiego.org/component/docman/doc_download/676-sdgae-shore-power-feasability-study.html,2017/01/01,IMAGERY/OTHER,2017/01/01,SAN DIEGO GAS & ELECTRIC,69.000000000000000,UNDER 100,N,SAMPSON,CORONADO,4087.410019420080062
"89885","309575","AC; OVERHEAD",NOT AVAILABLE,"221121",ELECTRIC BULK POWER TRANSMISSION AND CONTROL,http://www.caiso.com/Documents/SDGE_2012-2013ProposedSolutions.pdf,2017/01/01,IMAGERY/OTHER,2017/01/01,SAN DIEGO GAS & ELECTRIC,69.000000000000000,UNDER 100,N,MMC CHULA,OTAY,485.197873128698916
"89913","309656","AC; OVERHEAD",NOT AVAILABLE,"221121",ELECTRIC BULK POWER TRANSMISSION AND CONTROL,http://www.cpuc.ca.gov/environment/info/dudek/sbsrp/DR_16_SDGE_combined.pdf,2017/01/01,IMAGERY/OTHER,2017/01/01,SAN DIEGO GAS & ELECTRIC,69.000000000000000,UNDER 100,N,POINT LOMA,CABRILLO,5354.968798579819122
"89914","309622","AC; OVERHEAD",NOT AVAILABLE,"221121",ELECTRIC BULK POWER TRANSMISSION AND CONTROL,http://www.cpuc.ca.gov/environment/info/dudek/sbsrp/DR_16_SDGE_combined.pdf,2017/01/01,IMAGERY/OTHER,2017/01/01,SAN DIEGO GAS & ELECTRIC,69.000000000000000,UNDER 100,N,PENASQUITOS,MIRAMAR,14139.225084710500596
"89921","309630","AC; OVERHEAD",NOT AVAILABLE,"221121",ELECTRIC BULK POWER TRANSMISSION AND CONTROL,California Energy Commission http://www.energy.ca.gov/maps/,2017/01/01,IMAGERY/OTHER,2017/01/01,SAN DIEGO GAS & ELECTRIC,69.000000000000000,UNDER 100,N,JAMACHA,JAMACHA TAP,4698.652653542550979
"89927","309634","AC; OVERHEAD",IN SERVICE,"221121",ELECTRIC BULK POWER TRANSMISSION AND CONTROL,https://cecgis-caenergy.opendata.arcgis.com/,2018/04/25,IMAGERY/OTHER,2018/10/19,SAN DIEGO GAS & ELECTRIC,69.000000000000000,UNDER 100,N,CAMERON,TAP308169,22349.044971911698667
"89945","309653","AC; OVERHEAD",IN SERVICE,"221121",ELECTRIC BULK POWER TRANSMISSION AND CONTROL,https://cecgis-caenergy.opendata.arcgis.com/,2018/04/25,IMAGERY/OTHER,2018/04/25,SAN DIEGO GAS & ELECTRIC,69.000000000000000,UNDER 100,N,ESCONDIDO,NOT AVAILABLE,18492.773394222600473
"89953","309663","AC; OVERHEAD",IN SERVICE,"221121",ELECTRIC BULK POWER TRANSMISSION AND CONTROL,https://cecgis-caenergy.opendata.arcgis.com/,2018/04/25,IMAGERY/OTHER,2018/10/19,SAN DIEGO GAS & ELECTRIC,69.000000000000000,UNDER 100,N,DESCANSO,TAP305372,17394.890916060798190
"89997","309727","AC; OVERHEAD",NOT AVAILABLE,"221121",ELECTRIC BULK POWER TRANSMISSION AND CONTROL,http://www.caiso.com/Documents/Day1-November19-20_2014StakeholderMeeting.pdf,2017/01/01,IMAGERY/OTHER,2017/01/01,SAN DIEGO GAS & ELECTRIC,69.000000000000000,UNDER 100,N,LOS COCHES,LOVELAND,19925.017178788501042
"90014","309753","AC; OVERHEAD",NOT AVAILABLE,"221121",ELECTRIC BULK POWER TRANSMISSION AND CONTROL,http://www.energy.ca.gov/sitingcases/chulavista/documents/applicant/afc/Volume_2_Appendices/Appendix_3A.pdf,2017/01/01,IMAGERY/OTHER,2017/01/01,SAN DIEGO GAS & ELECTRIC,69.000000000000000,UNDER 100,N,URBAN,STATION B,2013.628717677820077
"90067","309811","AC; OVERHEAD",NOT AVAILABLE,"221121",ELECTRIC BULK POWER TRANSMISSION AND CONTROL,California Energy Commission http://www.energy.ca.gov/maps/,2017/01/01,IMAGERY/OTHER,2017/01/01,SAN DIEGO GAS & ELECTRIC,69.000000000000000,UNDER 100,N,MISSION,ELLIOTT,7342.615511950850305
"90072","309837","AC; OVERHEAD",NOT AVAILABLE,"221121",ELECTRIC BULK POWER TRANSMISSION AND CONTROL,http://www.caiso.com/Documents/Day1-November19-20_2014StakeholderMeeting.pdf,2017/01/01,IMAGERY/OTHER,2017/01/01,SAN DIEGO GAS & ELECTRIC,69.000000000000000,UNDER 100,N,AVOCADO,MONSERATE,8716.087952144349401
"90084","309828","AC; OVERHEAD",IN SERVICE,"221121",ELECTRIC BULK POWER TRANSMISSION AND CONTROL,https://cecgis-caenergy.opendata.arcgis.com/,2018/04/25,IMAGERY/OTHER,2018/04/25,SAN DIEGO GAS & ELECTRIC,69.000000000000000,UNDER 100,N,TAP302513,SAN LUIS REY,8093.901511047470194
"90194","310777","AC; OVERHEAD",IN SERVICE,"221121",ELECTRIC BULK POWER TRANSMISSION AND CONTROL,California Energy Commission http://www.energy.ca.gov/maps/,2017/01/01,IMAGERY/OTHER,2017/01/01,SAN DIEGO GAS & ELECTRIC,138.000000000000000,100-161,N,CARLTON HILLS TAP,CARLTON HILLS,2716.121480822610010
"90375","310189","AC; OVERHEAD",IN SERVICE,"221121",ELECTRIC BULK POWER TRANSMISSION AND CONTROL,http://www.cpuc.ca.gov/environment/info/aspen/miguel_mission/deir/text/B%20Project%20Description.pdf,2017/01/01,IMAGERY/OTHER,2017/01/01,SAN DIEGO GAS & ELECTRIC,230.000000000000000,220-287,N,MISSION,MIGUEL,64380.970888144896890
"90415","310260","AC; OVERHEAD",NOT AVAILABLE,"221121",ELECTRIC BULK POWER TRANSMISSION AND CONTROL,California Energy Commission http://www.energy.ca.gov/reti/documents/2008-11-12_local_agencies/maps/CREZ_Southern_CA.pdf,2017/01/01,IMAGERY/OTHER,2017/01/01,SAN DIEGO GAS & ELECTRIC,69.000000000000000,UNDER 100,N,MURRAY,MISSION,13151.248556531400027
"90515","310363","AC; OVERHEAD",IN SERVICE,"221121",ELECTRIC BULK POWER TRANSMISSION AND CONTROL,IMAGERY,2019/02/21,IMAGERY/OTHER,2019/02/21,NOT AVAILABLE,69.000000000000000,UNDER 100,Y,OTAY MESA,UNKNOWN309070,8534.506985675690885
"90602","310460","AC; OVERHEAD",IN SERVICE,"221121",ELECTRIC BULK POWER TRANSMISSION AND CONTROL,http://www.caiso.com/documents/sdge_2012-2013proposedsolutions.pdf,2017/01/01,IMAGERY/OTHER,2017/01/01,SAN DIEGO GAS & ELECTRIC,138.000000000000000,100-161,N,SYCAMORE CANYON,CHICARITA,11326.308679143699919
"90607","310467","AC; OVERHEAD",IN SERVICE,"221121",ELECTRIC BULK POWER TRANSMISSION AND CONTROL,Western Electricity Coordinating Council https://www.wecc.biz/Reliability/YEAR%202014%20OC%20MAP-1.pdf,2017/01/01,IMAGERY/OTHER,2017/01/01,SAN DIEGO GAS & ELECTRIC,230.000000000000000,220-287,N,MISSION,SAN LUIS REY,67912.526330584005336
"90620","310487","AC; OVERHEAD",NOT AVAILABLE,"221121",ELECTRIC BULK POWER TRANSMISSION AND CONTROL,http://www.caiso.com/Documents/Presentation-Draft2013-2014TransmissionPlanStakeholderMeetingFeb12_2014.pdf,2017/01/01,IMAGERY/OTHER,2017/01/01,SAN DIEGO GAS & ELECTRIC,69.000000000000000,UNDER 100,N,ESCONDIDO,BERNARDO,19726.408247059498535
"90627","310498","AC; OVERHEAD",NOT AVAILABLE,"221121",ELECTRIC BULK POWER TRANSMISSION AND CONTROL,http://www.caiso.com/Documents/Presentation-Draft2013-2014TransmissionPlanStakeholderMeetingFeb12_2014.pdf,2017/01/01,IMAGERY/OTHER,2017/01/01,SAN DIEGO GAS & ELECTRIC,69.000000000000000,UNDER 100,N,BERNARDO,ARTESIAN,4957.668918093399952
"90641","310507","AC; OVERHEAD",IN SERVICE,"221121",ELECTRIC BULK POWER TRANSMISSION AND CONTROL,Western Electricity Coordinating Council https://www.wecc.biz/Reliability/YEAR%202014%20OC%20MAP-1.pdf,2017/01/01,IMAGERY/OTHER,2017/01/01,SAN DIEGO GAS & ELECTRIC,230.000000000000000,220-287,N,SAN LUIS REY,SAN ONOFRE,34317.619124915203429
"90660","310528","AC; OVERHEAD",IN SERVICE,"221121",ELECTRIC BULK POWER TRANSMISSION AND CONTROL,https://cecgis-caenergy.opendata.arcgis.com/,2018/04/25,IMAGERY/OTHER,2018/10/19,SAN DIEGO GAS & ELECTRIC,69.000000000000000,UNDER 100,N,TAP305372,LOVELAND,11653.730708035800490
"90665","310561","AC; OVERHEAD",IN SERVICE,"221121",ELECTRIC BULK POWER TRANSMISSION AND CONTROL,https://cecgis-caenergy.opendata.arcgis.com/,2018/04/25,IMAGERY/OTHER,2018/04/25,SAN DIEGO GAS & ELECTRIC,69.000000000000000,UNDER 100,N,UNKNOWN308179,CRESTWOOD,2226.438227114429992
"90725","310607","AC; OVERHEAD",IN SERVICE,"221121",ELECTRIC BULK POWER TRANSMISSION AND CONTROL,Western Electricity Coordinating Council https://www.wecc.biz/Reliability/YEAR%202014%20OC%20MAP-1.pdf,2017/01/01,IMAGERY/OTHER,2017/01/01,SAN DIEGO GAS & ELECTRIC,230.000000000000000,220-287,N,PALOMAR,SYCAMORE CANYON,44361.804119558801176
"90739","310625","AC; OVERHEAD",NOT AVAILABLE,"221121",ELECTRIC BULK POWER TRANSMISSION AND CONTROL,http://www.caiso.com/Documents/Presentation-PreliminaryReliabilityAssessmentResults-Sep26_2013.pdf,2017/01/01,IMAGERY/OTHER,2017/01/01,SAN DIEGO GAS & ELECTRIC,69.000000000000000,UNDER 100,N,MIGUEL,BORDER,20463.362895207399561
"90741","310627","AC; OVERHEAD",NOT AVAILABLE,"221121",ELECTRIC BULK POWER TRANSMISSION AND CONTROL,California Energy Commission http://www.energy.ca.gov/maps/,2017/01/01,IMAGERY/OTHER,2017/01/01,SAN DIEGO GAS & ELECTRIC,69.000000000000000,UNDER 100,N,MIGUEL,JAMACHA TAP,10485.622708828399482
"90901","310814","AC; OVERHEAD",IN SERVICE,"221121",ELECTRIC BULK POWER TRANSMISSION AND CONTROL,Southern California Edison http://preview.tinyurl.com/q9vuye2,2017/01/01,IMAGERY/OTHER,2017/01/01,AZUSA LIGHT & POWER,115.000000000000000,100-161,N,STENT TAP,STENT,40.723272644852401
"90952","310875","AC; OVERHEAD",IN SERVICE,"221121",ELECTRIC BULK POWER TRANSMISSION AND CONTROL,https://cecgis-caenergy.opendata.arcgis.com/,2018/04/25,IMAGERY/OTHER,2019/01/22,SAN DIEGO GAS & ELECTRIC,230.000000000000000,220-287,N,NOT AVAILABLE,PENASQUITOS,22008.752824957500707
"90976","310903","AC; OVERHEAD",IN SERVICE,"221121",ELECTRIC BULK POWER TRANSMISSION AND CONTROL,Western Electricity Coordinating Council https://www.wecc.biz/Reliability/YEAR%202014%20OC%20MAP-1.pdf,2017/01/01,IMAGERY/OTHER,2017/01/01,SAN DIEGO GAS & ELECTRIC,138.000000000000000,100-161,N,PROCTOR VALLEY,MIGUEL,2617.818259655969996
"90981","310906","AC; OVERHEAD",NOT AVAILABLE,"221121",ELECTRIC BULK POWER TRANSMISSION AND CONTROL,http://www.caiso.com/Documents/Presentation-PreliminaryReliabilityAssessmentResults-Sep26_2013.pdf,2017/01/01,IMAGERY/OTHER,2017/01/01,SAN DIEGO GAS & ELECTRIC,69.000000000000000,UNDER 100,N,SILVERGATE,URBAN,3689.063956130400129
"91043","310978","AC; OVERHEAD",IN SERVICE,"221121",ELECTRIC BULK POWER TRANSMISSION AND CONTROL,https://cecgis-caenergy.opendata.arcgis.com/,2018/04/25,IMAGERY/OTHER,2018/04/25,SAN DIEGO GAS & ELECTRIC,69.000000000000000,UNDER 100,N,BOULDER CREEK,NOT AVAILABLE,24377.642045127104211
"91095","311048","AC; OVERHEAD",IN SERVICE,"221121",ELECTRIC BULK POWER TRANSMISSION AND CONTROL,https://cecgis-caenergy.opendata.arcgis.com/,2018/04/25,IMAGERY/OTHER,2018/04/25,SAN DIEGO GAS & ELECTRIC,69.000000000000000,UNDER 100,N,NOT AVAILABLE,RINCON,20784.093712388199492
"91403","311438","AC; OVERHEAD",IN SERVICE,"221121",ELECTRIC BULK POWER TRANSMISSION AND CONTROL,https://cecgis-caenergy.opendata.arcgis.com/,2018/04/25,IMAGERY/OTHER,2018/04/25,SAN DIEGO GAS & ELECTRIC,69.000000000000000,UNDER 100,N,SANTEE,LOS COCHES,13078.316667130600763
"91429","311481","AC; OVERHEAD",IN SERVICE,"221121",ELECTRIC BULK POWER TRANSMISSION AND CONTROL,https://cecgis-caenergy.opendata.arcgis.com/,2018/04/25,IMAGERY/OTHER,2018/04/25,SAN DIEGO GAS & ELECTRIC,69.000000000000000,UNDER 100,N,ALPINE,NOT AVAILABLE,17486.380541964801523
"91435","311485","AC; OVERHEAD",IN SERVICE,"221121",ELECTRIC BULK POWER TRANSMISSION AND CONTROL,https://cecgis-caenergy.opendata.arcgis.com/,2018/04/25,IMAGERY/OTHER,2018/10/19,SAN DIEGO GAS & ELECTRIC,69.000000000000000,UNDER 100,N,EL CAJON,EL CAJON,55.550971573743702
"91471","311531","AC; OVERHEAD",NOT AVAILABLE,"221121",ELECTRIC BULK POWER TRANSMISSION AND CONTROL,http://www.caiso.com/documents/presentation-preliminaryreliabilityassessmentresults-sep26_2013.pdf,2017/01/01,IMAGERY/OTHER,2017/01/01,SAN DIEGO GAS & ELECTRIC,69.000000000000000,UNDER 100,N,OCEANSIDE,SAN LUIS REY,11854.503387693799596
"91504","311572","AC; OVERHEAD",NOT AVAILABLE,"221121",ELECTRIC BULK POWER TRANSMISSION AND CONTROL,http://www.caiso.com/Documents/Day1-November19-20_2014StakeholderMeeting.pdf,2017/01/01,IMAGERY/OTHER,2017/01/01,SAN DIEGO GAS & ELECTRIC,69.000000000000000,UNDER 100,N,LOS COCHES,ALPINE,15393.412048637699627
"91619","311713","AC; OVERHEAD",NOT AVAILABLE,"221121",ELECTRIC BULK POWER TRANSMISSION AND CONTROL,http://www.caiso.com/2b5d/2b5db469fef0.pdf,2017/01/01,IMAGERY/OTHER,2017/01/01,SAN DIEGO GAS & ELECTRIC,69.000000000000000,UNDER 100,N,MISSION,KEARNY,9884.128873466970617
"91644","311738","AC; OVERHEAD",NOT AVAILABLE,"221121",ELECTRIC BULK POWER TRANSMISSION AND CONTROL,http://www.caiso.com/documents/presentation-preliminaryreliabilityassessmentresults-sep26_2013.pdf,2017/01/01,IMAGERY/OTHER,2017/01/01,SAN DIEGO GAS & ELECTRIC,69.000000000000000,UNDER 100,N,STUART,OCEANSIDE,9945.268981090870511
"91746","311885","AC; OVERHEAD",IN SERVICE,"221121",ELECTRIC BULK POWER TRANSMISSION AND CONTROL,http://www.cpuc.ca.gov/environment/info/aspen/miguel_mission/deir/text/B%20Project%20Description.pdf,2017/01/01,IMAGERY/OTHER,2017/01/01,SAN DIEGO GAS & ELECTRIC,230.000000000000000,220-287,N,MIGUEL,LOS COCHES,29957.091322937398218
"91862","312012","AC; OVERHEAD",NOT AVAILABLE,"221121",ELECTRIC BULK POWER TRANSMISSION AND CONTROL,IMAGERY,2017/01/01,IMAGERY/OTHER,2017/01/01,SAN DIEGO GAS & ELECTRIC,69.000000000000000,UNDER 100,N,MISSION,STATION F,4035.783918338780040
"91873","312024","AC; OVERHEAD",NOT AVAILABLE,"221121",ELECTRIC BULK POWER TRANSMISSION AND CONTROL,http://www.caiso.com/Documents/Day1-November19-20_2014StakeholderMeeting.pdf,2017/01/01,IMAGERY/OTHER,2017/01/01,SAN DIEGO GAS & ELECTRIC,69.000000000000000,UNDER 100,N,EL CAJON,GARFIELD,2788.829624068090197
"92000","312182","AC; OVERHEAD",NOT AVAILABLE,"221121",ELECTRIC BULK POWER TRANSMISSION AND CONTROL,http://www.caiso.com/Documents/Presentation-Draft2013-2014TransmissionPlanStakeholderMeetingFeb12_2014.pdf,2017/01/01,IMAGERY/OTHER,2017/01/01,SAN DIEGO GAS & ELECTRIC,69.000000000000000,UNDER 100,N,FELICIA,BERNARDO,12429.363522518200625
"92039","312229","AC; OVERHEAD",IN SERVICE,"221121",ELECTRIC BULK POWER TRANSMISSION AND CONTROL,Southern California Edison http://preview.tinyurl.com/q9vuye2,2017/01/01,IMAGERY/OTHER,2017/01/01,AZUSA LIGHT & POWER,115.000000000000000,100-161,N,PECHANGA,MORAGA,10790.965737083099157
"92079","312277","AC; OVERHEAD",IN SERVICE,"221121",ELECTRIC BULK POWER TRANSMISSION AND CONTROL,https://cecgis-caenergy.opendata.arcgis.com/,2018/04/25,IMAGERY/OTHER,2018/10/19,SAN DIEGO GAS & ELECTRIC,69.000000000000000,UNDER 100,N,TAP302772,CAMERON,9131.475487387719113
"92085","312281","AC; OVERHEAD",IN SERVICE,"221121",ELECTRIC BULK POWER TRANSMISSION AND CONTROL,https://cecgis-caenergy.opendata.arcgis.com/,2018/04/25,IMAGERY/OTHER,2018/10/19,SAN DIEGO GAS & ELECTRIC,69.000000000000000,UNDER 100,N,CRESTWOOD,BOULEVARD,11867.600885765299608
"92131","312340","AC; OVERHEAD",IN SERVICE,"221121",ELECTRIC BULK POWER TRANSMISSION AND CONTROL,Western Electricity Coordinating Council https://www.wecc.biz/Reliability/YEAR%202014%20OC%20MAP-1.pdf,2017/01/01,IMAGERY/OTHER,2017/01/01,SAN DIEGO GAS & ELECTRIC,500.000000000000000,"500",N,EAST COUNTY,MIGUEL,102101.242657576003694
"92237","312471","AC; OVERHEAD",IN SERVICE,"221121",ELECTRIC BULK POWER TRANSMISSION AND CONTROL,https://cecgis-caenergy.opendata.arcgis.com/,2018/04/25,IMAGERY/OTHER,2019/01/22,SAN DIEGO GAS & ELECTRIC,69.000000000000000,UNDER 100,N,MESA HEIGHTS,KEARNY,3367.116723749640187
"92271","312516","AC; OVERHEAD",IN SERVICE,"221121",ELECTRIC BULK POWER TRANSMISSION AND CONTROL,https://cecgis-caenergy.opendata.arcgis.com/,2018/04/25,IMAGERY/OTHER,2018/04/25,SAN DIEGO GAS & ELECTRIC,69.000000000000000,UNDER 100,N,SANTA YSABEL,NOT AVAILABLE,27424.094288210799277
"92303","312554","AC; OVERHEAD",NOT AVAILABLE,"221121",ELECTRIC BULK POWER TRANSMISSION AND CONTROL,http://www.caiso.com/Documents/Presentation-Draft2013-2014TransmissionPlanStakeholderMeetingFeb12_2014.pdf,2017/01/01,IMAGERY/OTHER,2017/01/01,SAN DIEGO GAS & ELECTRIC,69.000000000000000,UNDER 100,N,SAN MARCOS,ESCONDIDO,11028.652961377900283
"92325","312575","AC; OVERHEAD",IN SERVICE,"221121",ELECTRIC BULK POWER TRANSMISSION AND CONTROL,Western Electricity Coordinating Council https://www.wecc.biz/Reliability/YEAR%202014%20OC%20MAP-1.pdf,2017/01/01,IMAGERY/OTHER,2017/01/01,SAN DIEGO GAS & ELECTRIC,230.000000000000000,220-287,N,OLD TOWN,MISSION,7283.823346286879314
"92346","312608","AC; OVERHEAD",NOT AVAILABLE,"221121",ELECTRIC BULK POWER TRANSMISSION AND CONTROL,http://www.caiso.com/Documents/Day1-November19-20_2014StakeholderMeeting.pdf,2017/01/01,IMAGERY/OTHER,2018/10/19,SAN DIEGO GAS & ELECTRIC,69.000000000000000,UNDER 100,N,EL CAJON,LOS COCHES,15481.596004569399156
"92418","312701","AC; OVERHEAD",IN SERVICE,"221121",ELECTRIC BULK POWER TRANSMISSION AND CONTROL,Western Electricity Coordinating Council https://www.wecc.biz/Reliability/YEAR%202014%20OC%20MAP-1.pdf,2017/01/01,IMAGERY/OTHER,2017/01/01,SAN DIEGO GAS & ELECTRIC,230.000000000000000,220-287,N,OTAY MESA,MIGUEL,17022.048945046000881
"92428","312715","AC; OVERHEAD",IN SERVICE,"221121",ELECTRIC BULK POWER TRANSMISSION AND CONTROL,Western Electricity Coordinating Council https://www.wecc.biz/Reliability/YEAR%202014%20OC%20MAP-1.pdf,2017/01/01,IMAGERY/OTHER,2017/01/01,SAN DIEGO GAS & ELECTRIC,230.000000000000000,220-287,N,SUNCREST,SYCAMORE CANYON,52434.273236277796968
"92488","312795","AC; OVERHEAD",IN SERVICE,"221121",ELECTRIC BULK POWER TRANSMISSION AND CONTROL,https://cecgis-caenergy.opendata.arcgis.com/,2018/04/25,IMAGERY/OTHER,2019/01/22,SAN DIEGO GAS & ELECTRIC,69.000000000000000,UNDER 100,N,EASTGATE,NOT AVAILABLE,5128.259089574359677
"92509","312821","AC; OVERHEAD",NOT AVAILABLE,"221121",ELECTRIC BULK POWER TRANSMISSION AND CONTROL,http://www.caiso.com/Documents/SDGE_2012-2013ProposedSolutions.pdf,2017/01/01,IMAGERY/OTHER,2017/01/01,SAN DIEGO GAS & ELECTRIC,69.000000000000000,UNDER 100,N,OTAY TAP,SAN YSIDRO,7067.972921061030320
"92513","312826","AC; OVERHEAD",IN SERVICE,"221121",ELECTRIC BULK POWER TRANSMISSION AND CONTROL,Western Electricity Coordinating Council https://www.wecc.biz/Reliability/YEAR%202014%20OC%20MAP-1.pdf,2017/01/01,IMAGERY/OTHER,2019/01/22,SAN DIEGO GAS & ELECTRIC,138.000000000000000,100-161,N,TELEGRAPH CANYON,PROCTOR VALLEY,5030.532337045109671
"92617","312938","AC; OVERHEAD",NOT AVAILABLE,"221121",ELECTRIC BULK POWER TRANSMISSION AND CONTROL,http://www.caiso.com/Documents/Presentation-PreliminaryReliabilityAssessmentResults-Sep26_2013.pdf,2017/01/01,IMAGERY/OTHER,2017/01/01,SAN DIEGO GAS & ELECTRIC,69.000000000000000,UNDER 100,N,NATIONAL CITY,SWEETWATER,3557.312559326840528
"92645","313013","AC; OVERHEAD",IN SERVICE,"221121",ELECTRIC BULK POWER TRANSMISSION AND CONTROL,Western Electricity Coordinating Council https://www.wecc.biz/Reliability/YEAR%202014%20OC%20MAP-1.pdf,2017/01/01,IMAGERY/OTHER,2017/01/01,SAN DIEGO GAS & ELECTRIC,230.000000000000000,220-287,N,PENASQUITOS,ENCINA,35003.842710716700822
"92650","313009","AC; OVERHEAD",NOT AVAILABLE,"221121",ELECTRIC BULK POWER TRANSMISSION AND CONTROL,California Energy Commission http://www.energy.ca.gov/maps/,2017/01/01,IMAGERY/OTHER,2017/01/01,SAN DIEGO GAS & ELECTRIC,69.000000000000000,UNDER 100,N,SYCAMORE CANYON,CREELMAN,29567.639361606401508
"92664","312990","AC; OVERHEAD",NOT AVAILABLE,"221121",ELECTRIC BULK POWER TRANSMISSION AND CONTROL,http://www.cpuc.ca.gov/environment/info/aspen/sunrise/feir/cmts/E0004%20attachments/E4_Att01%20Existing%20ROW%20map.pdf,2017/01/01,IMAGERY/OTHER,2017/01/01,SAN DIEGO GAS & ELECTRIC,69.000000000000000,UNDER 100,N,SPRING VALLEY,CHOLLAS,5642.348000902179592
"92700","313046","AC; OVERHEAD",NOT AVAILABLE,"221121",ELECTRIC BULK POWER TRANSMISSION AND CONTROL,http://www.caiso.com/Documents/Presentation-PreliminaryReliabilityAssessmentResults-Sep26_2013.pdf,2017/01/01,IMAGERY/OTHER,2017/08/22,SAN DIEGO GAS & ELECTRIC,69.000000000000000,UNDER 100,N,NATIONAL CITY,TAP302696,2375.476429474780161
"92749","313110","AC; OVERHEAD",IN SERVICE,"221121",ELECTRIC BULK POWER TRANSMISSION AND CONTROL,https://cecgis-caenergy.opendata.arcgis.com/,2018/04/25,IMAGERY/OTHER,2018/04/25,SAN DIEGO GAS & ELECTRIC,69.000000000000000,UNDER 100,N,MONSERATE,AVOCADO,10679.653249448299903
"92756","313118","AC; OVERHEAD",IN SERVICE,"221121",ELECTRIC BULK POWER TRANSMISSION AND CONTROL,https://cecgis-caenergy.opendata.arcgis.com/,2018/04/25,IMAGERY/OTHER,2018/10/19,SAN DIEGO GAS & ELECTRIC,69.000000000000000,UNDER 100,N,TAP308169,TAP307975,3195.765934910270062
"92765","313135","AC; OVERHEAD",IN SERVICE,"221121",ELECTRIC BULK POWER TRANSMISSION AND CONTROL,Western Electricity Coordinating Council https://www.wecc.biz/Reliability/YEAR%202014%20OC%20MAP-1.pdf,2017/01/01,IMAGERY/OTHER,2017/01/01,SAN DIEGO GAS & ELECTRIC,230.000000000000000,220-287,N,PENASQUITOS,ENCINA,35012.870409276103601
"92828","313197","AC; OVERHEAD",IN SERVICE,"221121",ELECTRIC BULK POWER TRANSMISSION AND CONTROL,California Energy Commission http://www.energy.ca.gov/maps/,2017/01/01,IMAGERY/OTHER,2017/01/01,SAN DIEGO GAS & ELECTRIC,138.000000000000000,100-161,N,CARLTON HILLS TAP,SANTEE,10880.868825030400330
"92914","313303","AC; OVERHEAD",IN SERVICE,"221121",ELECTRIC BULK POWER TRANSMISSION AND CONTROL,Southern California Edison http://preview.tinyurl.com/q9vuye2,2017/01/01,IMAGERY/OTHER,2017/01/01,AZUSA LIGHT & POWER,115.000000000000000,100-161,N,STENT TAP,MORAGA,4145.412357077059823
"92986","308280","AC; OVERHEAD",IN SERVICE,"221121",ELECTRIC BULK POWER TRANSMISSION AND CONTROL,https://cecgis-caenergy.opendata.arcgis.com/,2018/04/25,IMAGERY/OTHER,2018/04/25,SAN DIEGO GAS & ELECTRIC,69.000000000000000,UNDER 100,N,TAP318024,PACIFIC BEACH,12713.842788864500108
"81132","305244","AC; OVERHEAD",IN SERVICE,"221121",ELECTRIC BULK POWER TRANSMISSION AND CONTROL,Western Electricity Coordinating Council https://www.wecc.biz/Reliability/YEAR%202014%20OC%20MAP-1.pdf,2017/01/01,IMAGERY/OTHER,2018/10/19,SAN DIEGO GAS & ELECTRIC,230.000000000000000,220-287,N,SANTIAGO,SAN ONOFRE,55011.803246678500727
"81756","312603","AC; OVERHEAD",IN SERVICE,"221121",ELECTRIC BULK POWER TRANSMISSION AND CONTROL,https://cecgis-caenergy.opendata.arcgis.com/,2018/04/25,IMAGERY/OTHER,2018/12/14,SAN DIEGO GAS & ELECTRIC,138.000000000000000,100-161,N,RANCHO MISSION VIEJO,TALEGA,12604.706476980400112
"81976","300176","AC; OVERHEAD",IN SERVICE,"221121",ELECTRIC BULK POWER TRANSMISSION AND CONTROL,https://cecgis-caenergy.opendata.arcgis.com/,2018/04/25,IMAGERY/OTHER,2018/12/14,SAN DIEGO GAS & ELECTRIC,138.000000000000000,100-161,N,MARGARITA,RANCHO MISSION VIEJO,6038.533987724619692
"82958","301295","AC; OVERHEAD",IN SERVICE,"221121",ELECTRIC BULK POWER TRANSMISSION AND CONTROL,Western Electricity Coordinating Council https://www.wecc.biz/Reliability/YEAR%202014%20OC%20MAP-1.pdf,2017/01/01,IMAGERY/OTHER,2018/10/19,SAN DIEGO GAS & ELECTRIC,230.000000000000000,220-287,N,SAN ONOFRE,SERRANO,77590.384543234802550
"84410","303013","AC; OVERHEAD",NOT AVAILABLE,"221121",ELECTRIC BULK POWER TRANSMISSION AND CONTROL,http://www.caiso.com/documents/presentation-preliminaryreliabilityassessmentresults-sep26_2013.pdf,2017/01/01,IMAGERY/OTHER,2017/01/01,SAN DIEGO GAS & ELECTRIC,69.000000000000000,UNDER 100,N,BASILONE,JAPANESE MESA,4695.263130349249877
"84947","303678","AC; OVERHEAD",NOT AVAILABLE,"221121",ELECTRIC BULK POWER TRANSMISSION AND CONTROL,http://www.caiso.com/documents/presentation-preliminaryreliabilityassessmentresults-sep26_2013.pdf,2017/01/01,IMAGERY/OTHER,2017/01/01,SAN DIEGO GAS & ELECTRIC,69.000000000000000,UNDER 100,N,TALEGA,SAN MATEO,7440.721819140079788
"85415","304254","AC; OVERHEAD",IN SERVICE,"221121",ELECTRIC BULK POWER TRANSMISSION AND CONTROL,https://cecgis-caenergy.opendata.arcgis.com/,2018/04/25,IMAGERY/OTHER,2019/01/08,SAN DIEGO GAS & ELECTRIC,138.000000000000000,100-161,N,TAP305222,CAPISTRANO,484.787743537423978
"86056","305028","AC; OVERHEAD",IN SERVICE,"221121",ELECTRIC BULK POWER TRANSMISSION AND CONTROL,Western Electricity Coordinating Council https://www.wecc.biz/Reliability/YEAR%202014%20OC%20MAP-1.pdf,2017/01/01,IMAGERY/OTHER,2018/10/19,SAN DIEGO GAS & ELECTRIC,230.000000000000000,220-287,N,SANTIAGO,SAN ONOFRE,55111.202766349597368
"87259","306455","AC; OVERHEAD",IN SERVICE,"221121",ELECTRIC BULK POWER TRANSMISSION AND CONTROL,https://cecgis-caenergy.opendata.arcgis.com/,2018/04/25,IMAGERY/OTHER,2018/12/13,SAN DIEGO GAS & ELECTRIC,138.000000000000000,100-161,N,TRABUCO,TAP305222,6678.493741010979647
"87853","307161","AC; OVERHEAD",IN SERVICE,"221121",ELECTRIC BULK POWER TRANSMISSION AND CONTROL,https://cecgis-caenergy.opendata.arcgis.com/,2018/06/01,IMAGERY/OTHER,2018/12/14,SOUTHERN CALIFORNIA EDISON,66.000000000000000,UNDER 100,N,NIGUEL,RISER300066,9749.123070722769626
"89421","309027","AC; OVERHEAD",IN SERVICE,"221121",ELECTRIC BULK POWER TRANSMISSION AND CONTROL,Western Electricity Coordinating Council https://www.wecc.biz/Reliability/YEAR%202014%20OC%20MAP-1.pdf,2017/01/01,IMAGERY/OTHER,2017/01/01,SAN DIEGO GAS & ELECTRIC,230.000000000000000,220-287,N,TALEGA,SAN ONOFRE,13367.618119609800488
"89425","309031","AC; OVERHEAD",IN SERVICE,"221121",ELECTRIC BULK POWER TRANSMISSION AND CONTROL,Western Electricity Coordinating Council https://www.wecc.biz/Reliability/YEAR%202014%20OC%20MAP-1.pdf,2017/01/01,IMAGERY/OTHER,2017/01/01,SAN DIEGO GAS & ELECTRIC,230.000000000000000,220-287,N,TALEGA,SAN ONOFRE,13358.912651146800272
"89504","309120","AC; OVERHEAD",IN SERVICE,"221121",ELECTRIC BULK POWER TRANSMISSION AND CONTROL,https://cecgis-caenergy.opendata.arcgis.com/,2018/06/01,IMAGERY/OTHER,2018/10/19,SOUTHERN CALIFORNIA EDISON,66.000000000000000,UNDER 100,N,NOT AVAILABLE,CHIQUITA,11507.708293122599571
"89794","309462","AC; OVERHEAD",IN SERVICE,"221121",ELECTRIC BULK POWER TRANSMISSION AND CONTROL,Western Electricity Coordinating Council https://www.wecc.biz/Reliability/YEAR%202014%20OC%20MAP-1.pdf,2017/01/01,IMAGERY/OTHER,2017/01/01,SAN DIEGO GAS & ELECTRIC,230.000000000000000,220-287,N,VIEJO,SAN ONOFRE,45096.939144162999582
"90532","310392","AC; OVERHEAD",IN SERVICE,"221121",ELECTRIC BULK POWER TRANSMISSION AND CONTROL,https://cecgis-caenergy.opendata.arcgis.com/,2018/04/25,IMAGERY/OTHER,2019/01/22,SAN DIEGO GAS & ELECTRIC,138.000000000000000,100-161,N,NOT AVAILABLE,CAPISTRANO,7564.229887864120428
"90565","310419","AC; OVERHEAD",NOT AVAILABLE,"221121",ELECTRIC BULK POWER TRANSMISSION AND CONTROL,http://www.caiso.com/documents/presentation-preliminaryreliabilityassessmentresults-sep26_2013.pdf,2017/01/01,IMAGERY/OTHER,2017/01/01,SAN DIEGO GAS & ELECTRIC,69.000000000000000,UNDER 100,N,SAN MATEO,BASILONE,3543.040481094270035
"90763","310654","AC; OVERHEAD",IN SERVICE,"221121",ELECTRIC BULK POWER TRANSMISSION AND CONTROL,https://cecgis-caenergy.opendata.arcgis.com/,2018/04/25,IMAGERY/OTHER,2018/12/13,SAN DIEGO GAS & ELECTRIC,138.000000000000000,100-161,N,LAGUNA NIGUEL,TAP305222,5172.744228084759925
"91023","310953","AC; OVERHEAD",NOT AVAILABLE,"221121",ELECTRIC BULK POWER TRANSMISSION AND CONTROL,http://www.caiso.com/documents/presentation-preliminaryreliabilityassessmentresults-sep26_2013.pdf,2017/01/01,IMAGERY/OTHER,2018/12/14,SAN DIEGO GAS & ELECTRIC,69.000000000000000,UNDER 100,N,CRISTIANITOS,TALEGA,1487.738581627849953
