PNODE_ID,AS_ID,RES_TYPE,RES_ID,BUS_ID,FNMVERSION,RELEASE_DATE,GROUP,Lat,Long,Unnamed: 10,LINK
SANYSDRO_6_N013,AS_SP26,GEN,SYDRO_6_FCELL,22740_SANYSDRO_69.0_GUM1,22M7_DB114,2022-07-28 0:00:00,4836,32.545077,-117.069661,,http://oasis.caiso.com/oasisapi/SingleZip?resultformat=6&queryname=PRC_RTPD_LMP&version=3&startdatetime=20220901T07:00-0000&enddatetime=20220905T07:00-0000&market_run_id=RTPD&node=SANYSDRO_6_N013
SANYSDRO_6_N004,AS_SP15,LOAD,SYDRO_6_LD32,22740_SANYSDRO_69.0_LD32,22M7_DB114,2022-07-28 0:00:00,4838,32.562128,-117.026591,,http://oasis.caiso.com/oasisapi/SingleZip?resultformat=6&queryname=PRC_RTPD_LMP&version=3&startdatetime=20220901T07:00-0000&enddatetime=20220905T07:00-0000&market_run_id=RTPD&node=SANYSDRO_6_N004
SANYSDRO_6_N001,AS_SP26,LOAD,SYDRO_6_LD31,22740_SANYSDRO_69.0_LD31,22M7_DB114,2022-07-28 0:00:00,4837,32.562157,-117.026397,,http://oasis.caiso.com/oasisapi/SingleZip?resultformat=6&queryname=PRC_RTPD_LMP&version=3&startdatetime=20220901T07:00-0000&enddatetime=20220905T07:00-0000&market_run_id=RTPD&node=SANYSDRO_6_N001
CPBORDER_7_B1,AS_SP15,GEN,BORDER_6_UNITA1,22149_CPBORDER_13.8_GU1,22M7_DB114,2022-07-28 0:00:00,371,32.566132,-116.944759,,http://oasis.caiso.com/oasisapi/SingleZip?resultformat=6&queryname=PRC_RTPD_LMP&version=3&startdatetime=20220901T07:00-0000&enddatetime=20220905T07:00-0000&market_run_id=RTPD&node=CPBORDER_7_B1
BORDER_6_N001,AS_SP26,LOAD,BORDER_6_LD32,22076_BORDER _69.0_LD31,22M7_DB114,2022-07-28 0:00:00,369,32.566114,-116.944024,,http://oasis.caiso.com/oasisapi/SingleZip?resultformat=6&queryname=PRC_RTPD_LMP&version=3&startdatetime=20220901T07:00-0000&enddatetime=20220905T07:00-0000&market_run_id=RTPD&node=BORDER_6_N001
BORDER_6_N008,AS_SP26,LOAD,BORDER_6_LD31,22076_BORDER _69.0_LD32,22M7_DB114,2022-07-28 0:00:00,368,32.566568,-116.944387,,http://oasis.caiso.com/oasisapi/SingleZip?resultformat=6&queryname=PRC_RTPD_LMP&version=3&startdatetime=20220901T07:00-0000&enddatetime=20220905T07:00-0000&market_run_id=RTPD&node=BORDER_6_N008
BDLRKSP2_7_B1,AS_SP26,GEN,LARKSP_6_UNIT 2,22075_BDLRKSP2_13.8_GU2,22M7_DB114,2022-07-28 0:00:00,2043,32.56745,-116.942317,,http://oasis.caiso.com/oasisapi/SingleZip?resultformat=6&queryname=PRC_RTPD_LMP&version=3&startdatetime=20220901T07:00-0000&enddatetime=20220905T07:00-0000&market_run_id=RTPD&node=BDLRKSP2_7_B1
BDLRKSP1_7_B1,AS_SP26,GEN,LARKSP_6_UNIT 1,22074_BDLRKSP1_13.8_GU1,22M7_DB114,2022-07-28 0:00:00,2042,32.567447,-116.942233,,http://oasis.caiso.com/oasisapi/SingleZip?resultformat=6&queryname=PRC_RTPD_LMP&version=3&startdatetime=20220901T07:00-0000&enddatetime=20220905T07:00-0000&market_run_id=RTPD&node=BDLRKSP1_7_B1
IMPRLBCH_6_N004,AS_SP15,LOAD,IMPBCH_6_LD30,22352_IMPRLBCH_69.0_LD30,22M7_DB114,2022-07-28 0:00:00,1786,32.583522,-117.097331,,http://oasis.caiso.com/oasisapi/SingleZip?resultformat=6&queryname=PRC_RTPD_LMP&version=3&startdatetime=20220901T07:00-0000&enddatetime=20220905T07:00-0000&market_run_id=RTPD&node=IMPRLBCH_6_N004
IMPRLBCH_6_N001,AS_SP15,LOAD,IMPBCH_6_LD32,22352_IMPRLBCH_69.0_LD32,22M7_DB114,2022-07-28 0:00:00,1787,32.583554,-117.097158,,http://oasis.caiso.com/oasisapi/SingleZip?resultformat=6&queryname=PRC_RTPD_LMP&version=3&startdatetime=20220901T07:00-0000&enddatetime=20220905T07:00-0000&market_run_id=RTPD&node=IMPRLBCH_6_N001
OTAY_6_N014,AS_SP26,LOAD,OTAY_6_LD32,22613_OTAY GEN_12.0_LD32,22M7_DB114,2022-07-28 0:00:00,2802,32.595153,-117.057824,,http://oasis.caiso.com/oasisapi/SingleZip?resultformat=6&queryname=PRC_RTPD_LMP&version=3&startdatetime=20220901T07:00-0000&enddatetime=20220905T07:00-0000&market_run_id=RTPD&node=OTAY_6_N014
OTAY_6_N001,AS_SP15,LOAD,OTAY_6_LD33,22613_OTAY GEN_12.0_LD33,22M7_DB114,2022-07-28 0:00:00,2803,32.595173,-117.057762,,http://oasis.caiso.com/oasisapi/SingleZip?resultformat=6&queryname=PRC_RTPD_LMP&version=3&startdatetime=20220901T07:00-0000&enddatetime=20220905T07:00-0000&market_run_id=RTPD&node=OTAY_6_N001
RAMCOOY_7_B1,AS_SP15,GEN,OTAY_6_PL1X2,22617_RAMCO_OY_13.8_GUA1,22M7_DB114,2022-07-28 0:00:00,2804,32.595394,-117.057922,,http://oasis.caiso.com/oasisapi/SingleZip?resultformat=6&queryname=PRC_RTPD_LMP&version=3&startdatetime=20220901T07:00-0000&enddatetime=20220905T07:00-0000&market_run_id=RTPD&node=RAMCOOY_7_B1
OTAYLAKE_6_N001,AS_SP15,LOAD,OTAYLK_6_LD1,22612_OTAYLAKE_69.0_LD1,22M7_DB114,2022-07-28 0:00:00,2799,32.595409,-117.057789,,http://oasis.caiso.com/oasisapi/SingleZip?resultformat=6&queryname=PRC_RTPD_LMP&version=3&startdatetime=20220901T07:00-0000&enddatetime=20220905T07:00-0000&market_run_id=RTPD&node=OTAYLAKE_6_N001
MONTGMRY_6_N001,AS_SP15,LOAD,MNTGRY_6_LD30,22516_MONTGMRY_69.0_LD31,22M7_DB114,2022-07-28 0:00:00,2438,32.631748,-117.09953,,http://oasis.caiso.com/oasisapi/SingleZip?resultformat=6&queryname=PRC_RTPD_LMP&version=3&startdatetime=20220901T07:00-0000&enddatetime=20220905T07:00-0000&market_run_id=RTPD&node=MONTGMRY_6_N001
MONTGMRY_6_N002,AS_SP26,LOAD,MNTGRY_6_LD31,22516_MONTGMRY_69.0_LD30,22M7_DB114,2022-07-28 0:00:00,2439,32.631726,-117.099715,,http://oasis.caiso.com/oasisapi/SingleZip?resultformat=6&queryname=PRC_RTPD_LMP&version=3&startdatetime=20220901T07:00-0000&enddatetime=20220905T07:00-0000&market_run_id=RTPD&node=MONTGMRY_6_N002
TELECYN_1_N014,AS_SP26,LOAD,TLGCYN_1_LD40,22852_TELECYN _138_LD40,22M7_DB114,2022-07-28 0:00:00,4911,32.637823,-117.016284,,http://oasis.caiso.com/oasisapi/SingleZip?resultformat=6&queryname=PRC_RTPD_LMP&version=3&startdatetime=20220901T07:00-0000&enddatetime=20220905T07:00-0000&market_run_id=RTPD&node=TELECYN_1_N014
TELECYN_1_N001,AS_SP26,LOAD,TLGCYN_1_LD41,22852_TELECYN _138_LD41,22M7_DB114,2022-07-28 0:00:00,4912,32.637845,-117.015979,,http://oasis.caiso.com/oasisapi/SingleZip?resultformat=6&queryname=PRC_RTPD_LMP&version=3&startdatetime=20220901T07:00-0000&enddatetime=20220905T07:00-0000&market_run_id=RTPD&node=TELECYN_1_N001
TELECYN_1_N006,AS_SP15,LOAD,TLGCYN_1_LD42,22852_TELECYN _138_LD42,22M7_DB114,2022-07-28 0:00:00,4913,32.638103,-117.016141,,http://oasis.caiso.com/oasisapi/SingleZip?resultformat=6&queryname=PRC_RTPD_LMP&version=3&startdatetime=20220901T07:00-0000&enddatetime=20220905T07:00-0000&market_run_id=RTPD&node=TELECYN_1_N006
PRCTRVLY_1_N001,AS_SP26,LOAD,PRCTVY_1_LD42,22672_PRCTRVLY_138_LD42,22M7_DB114,2022-07-28 0:00:00,3658,32.665025,-116.986744,,http://oasis.caiso.com/oasisapi/SingleZip?resultformat=6&queryname=PRC_RTPD_LMP&version=3&startdatetime=20220901T07:00-0000&enddatetime=20220905T07:00-0000&market_run_id=RTPD&node=PRCTRVLY_1_N001
SWEETWTR_6_N017,AS_SP26,LOAD,SWTWTR_6_LD30,22820_SWEETWTR_69.0_LD32,22M7_DB114,2022-07-28 0:00:00,4826,32.658407,-117.091526,,http://oasis.caiso.com/oasisapi/SingleZip?resultformat=6&queryname=PRC_RTPD_LMP&version=3&startdatetime=20220901T07:00-0000&enddatetime=20220905T07:00-0000&market_run_id=RTPD&node=SWEETWTR_6_N017
SWEETWTR_6_N018,AS_SP26,LOAD,SWTWTR_6_LD31,22820_SWEETWTR_69.0_LD31,22M7_DB114,2022-07-28 0:00:00,4827,32.658345,-117.091836,,http://oasis.caiso.com/oasisapi/SingleZip?resultformat=6&queryname=PRC_RTPD_LMP&version=3&startdatetime=20220901T07:00-0000&enddatetime=20220905T07:00-0000&market_run_id=RTPD&node=SWEETWTR_6_N018
NATNLCTY_6_N001,AS_SP26,LOAD,NATCTY_6_LD20,22548_NATNLCTY_69.0_LD20,22M7_DB114,2022-07-28 0:00:00,2579,32.673108,-117.107253,,http://oasis.caiso.com/oasisapi/SingleZip?resultformat=6&queryname=PRC_RTPD_LMP&version=3&startdatetime=20220901T07:00-0000&enddatetime=20220905T07:00-0000&market_run_id=RTPD&node=NATNLCTY_6_N001
NATNLCTY_6_N005,AS_SP26,LOAD,NATCTY_6_LD21,22548_NATNLCTY_69.0_LD21,22M7_DB114,2022-07-28 0:00:00,2580,32.673077,-117.107435,,http://oasis.caiso.com/oasisapi/SingleZip?resultformat=6&queryname=PRC_RTPD_LMP&version=3&startdatetime=20220901T07:00-0000&enddatetime=20220905T07:00-0000&market_run_id=RTPD&node=NATNLCTY_6_N005
NAVSTMTR_6_N011,AS_SP26,LOAD,NSMTG_6_LD-E,22556_NAVSTMTR_69.0_LDE,22M7_DB114,2022-07-28 0:00:00,2643,32.670408,-117.114853,,http://oasis.caiso.com/oasisapi/SingleZip?resultformat=6&queryname=PRC_RTPD_LMP&version=3&startdatetime=20220901T07:00-0000&enddatetime=20220905T07:00-0000&market_run_id=RTPD&node=NAVSTMTR_6_N011
NAVSTMTR_6_N001,AS_SP26,LOAD,NSMTG_6_LD-W,22556_NAVSTMTR_69.0_LDW,22M7_DB114,2022-07-28 0:00:00,2644,32.670422,-117.114581,,http://oasis.caiso.com/oasisapi/SingleZip?resultformat=6&queryname=PRC_RTPD_LMP&version=3&startdatetime=20220901T07:00-0000&enddatetime=20220905T07:00-0000&market_run_id=RTPD&node=NAVSTMTR_6_N001
DIVISION_6_N009,AS_SP26,LOAD,DIVSON_6_LD30,22172_DIVISION_69.0_LD30,22M7_DB114,2022-07-28 0:00:00,1011,32.681533,-117.120064,,http://oasis.caiso.com/oasisapi/SingleZip?resultformat=6&queryname=PRC_RTPD_LMP&version=3&startdatetime=20220901T07:00-0000&enddatetime=20220905T07:00-0000&market_run_id=RTPD&node=DIVISION_6_N009
DIVISION_6_N001,AS_SP15,LOAD,DIVSON_6_LD31,22172_DIVISION_69.0_LD31,22M7_DB114,2022-07-28 0:00:00,1012,32.68166,-117.120133,,http://oasis.caiso.com/oasisapi/SingleZip?resultformat=6&queryname=PRC_RTPD_LMP&version=3&startdatetime=20220901T07:00-0000&enddatetime=20220905T07:00-0000&market_run_id=RTPD&node=DIVISION_6_N001
NSCOGEN_7_B1,AS_SP15,GEN,DIVSON_6_NSQF,22552_NSCOGEN _12.5_GU1,22M7_DB114,2022-07-28 0:00:00,1013,32.681524,-117.120218,,http://oasis.caiso.com/oasisapi/SingleZip?resultformat=6&queryname=PRC_RTPD_LMP&version=3&startdatetime=20220901T07:00-0000&enddatetime=20220905T07:00-0000&market_run_id=RTPD&node=NSCOGEN_7_B1
PARADISX_6_N004,AS_SP15,LOAD,PARDSE_6_LD31,22636_PARADISX_69.0_LD31,22M7_DB114,2022-07-28 0:00:00,2859,32.704444,-117.049884,,http://oasis.caiso.com/oasisapi/SingleZip?resultformat=6&queryname=PRC_RTPD_LMP&version=3&startdatetime=20220901T07:00-0000&enddatetime=20220905T07:00-0000&market_run_id=RTPD&node=PARADISX_6_N004
SAMPSON_6_N010,AS_SP15,GEN,SAMPSN_6_KELCO1,22704_SAMPSON _12.5_GUKC,22M7_DB114,2022-07-28 0:00:00,3873,32.694468,-117.142444,,http://oasis.caiso.com/oasisapi/SingleZip?resultformat=6&queryname=PRC_RTPD_LMP&version=3&startdatetime=20220901T07:00-0000&enddatetime=20220905T07:00-0000&market_run_id=RTPD&node=SAMPSON_6_N010
CORONA_1_N001,AS_NP26,LOAD,CORONA_1_LD1,31254_CORONA _115_LD1,22M7_DB114,2022-07-28 0:00:00,799,32.69877,-117.173458,,http://oasis.caiso.com/oasisapi/SingleZip?resultformat=6&queryname=PRC_RTPD_LMP&version=3&startdatetime=20220901T07:00-0000&enddatetime=20220905T07:00-0000&market_run_id=RTPD&node=CORONA_1_N001
CORONADO_6_N001,AS_SP15,LOAD,CRNRDO_6_LD31,22144_CORONADO_69.0_LD31,22M7_DB114,2022-07-28 0:00:00,855,32.698934,-117.173276,,http://oasis.caiso.com/oasisapi/SingleZip?resultformat=6&queryname=PRC_RTPD_LMP&version=3&startdatetime=20220901T07:00-0000&enddatetime=20220905T07:00-0000&market_run_id=RTPD&node=CORONADO_6_N001
CORONADO_6_N002,AS_SP26,LOAD,CRNRDO_6_LD32,22144_CORONADO_69.0_LD32,22M7_DB114,2022-07-28 0:00:00,856,32.698682,-117.17337,,http://oasis.caiso.com/oasisapi/SingleZip?resultformat=6&queryname=PRC_RTPD_LMP&version=3&startdatetime=20220901T07:00-0000&enddatetime=20220905T07:00-0000&market_run_id=RTPD&node=CORONADO_6_N002
NOISLMTR_6_N004,AS_SP15,LOAD,NIMTG_6_LD-N,22576_NOISLMTR_69.0_LDN,22M7_DB114,2022-07-28 0:00:00,2618,32.7025,-117.182161,,http://oasis.caiso.com/oasisapi/SingleZip?resultformat=6&queryname=PRC_RTPD_LMP&version=3&startdatetime=20220901T07:00-0000&enddatetime=20220905T07:00-0000&market_run_id=RTPD&node=NOISLMTR_6_N004
NOISLMTR_6_N009,AS_SP15,LOAD,NIMTG_6_LD-S,22576_NOISLMTR_69.0_LDS,22M7_DB114,2022-07-28 0:00:00,2619,32.702364,-117.182081,,http://oasis.caiso.com/oasisapi/SingleZip?resultformat=6&queryname=PRC_RTPD_LMP&version=3&startdatetime=20220901T07:00-0000&enddatetime=20220905T07:00-0000&market_run_id=RTPD&node=NOISLMTR_6_N009
NOISLMTR_6_N015,AS_SP15,GEN,NIMTG_6_NICOGN,22576_NOISLMTR_69.0_GUM1,22M7_DB114,2022-07-28 0:00:00,2620,32.702352,-117.182378,,http://oasis.caiso.com/oasisapi/SingleZip?resultformat=6&queryname=PRC_RTPD_LMP&version=3&startdatetime=20220901T07:00-0000&enddatetime=20220905T07:00-0000&market_run_id=RTPD&node=NOISLMTR_6_N015
NOISLMTR_6_N101,AS_SP15,GEN,NIMTG_6_NIQF,22576_NOISLMTR_69.0_GUQF,22M7_DB114,2022-07-28 0:00:00,2621,32.702489,-117.182422,,http://oasis.caiso.com/oasisapi/SingleZip?resultformat=6&queryname=PRC_RTPD_LMP&version=3&startdatetime=20220901T07:00-0000&enddatetime=20220905T07:00-0000&market_run_id=RTPD&node=NOISLMTR_6_N101
B_6_N005,AS_SP15,LOAD,STA B_6_LD30,22024_B  _69.0_LD30,22M7_DB114,2022-07-28 0:00:00,4719,32.714371,-117.169423,,http://oasis.caiso.com/oasisapi/SingleZip?resultformat=6&queryname=PRC_RTPD_LMP&version=3&startdatetime=20220901T07:00-0000&enddatetime=20220905T07:00-0000&market_run_id=RTPD&node=B_6_N005
B_6_N003,AS_SP26,LOAD,STA B_6_LD31,22024_B  _69.0_LD31,22M7_DB114,2022-07-28 0:00:00,4720,32.714128,-117.169389,,http://oasis.caiso.com/oasisapi/SingleZip?resultformat=6&queryname=PRC_RTPD_LMP&version=3&startdatetime=20220901T07:00-0000&enddatetime=20220905T07:00-0000&market_run_id=RTPD&node=B_6_N003
B_6_N007,AS_SP15,LOAD,STA B_6_LD32,22024_B  _69.0_LD32,22M7_DB114,2022-07-28 0:00:00,4721,32.714373,-117.169644,,http://oasis.caiso.com/oasisapi/SingleZip?resultformat=6&queryname=PRC_RTPD_LMP&version=3&startdatetime=20220901T07:00-0000&enddatetime=20220905T07:00-0000&market_run_id=RTPD&node=B_6_N007
B_6_N001,AS_SP15,LOAD,STA B_6_LD33,22024_B  _69.0_LD33,22M7_DB114,2022-07-28 0:00:00,4722,32.714371,-117.169423,,http://oasis.caiso.com/oasisapi/SingleZip?resultformat=6&queryname=PRC_RTPD_LMP&version=3&startdatetime=20220901T07:00-0000&enddatetime=20220905T07:00-0000&market_run_id=RTPD&node=B_6_N001
URBAN_6_N005,AS_SP26,LOAD,URBAN_6_LD31,22868_URBAN  _69.0_LD31,22M7_DB114,2022-07-28 0:00:00,5012,32.713308,-117.151611,,http://oasis.caiso.com/oasisapi/SingleZip?resultformat=6&queryname=PRC_RTPD_LMP&version=3&startdatetime=20220901T07:00-0000&enddatetime=20220905T07:00-0000&market_run_id=RTPD&node=URBAN_6_N005
URBAN_6_N001,AS_SP15,LOAD,URBAN_6_LD33,22868_URBAN  _69.0_LD33,22M7_DB114,2022-07-28 0:00:00,5014,32.713308,-117.151331,,http://oasis.caiso.com/oasisapi/SingleZip?resultformat=6&queryname=PRC_RTPD_LMP&version=3&startdatetime=20220901T07:00-0000&enddatetime=20220905T07:00-0000&market_run_id=RTPD&node=URBAN_6_N001
KETTNER_6_N001,AS_SP26,LOAD,KETTNR_6_LD31,22380_KETTNER _69.0_LD31,22M7_DB114,2022-07-28 0:00:00,1934,32.733236,-117.173864,,http://oasis.caiso.com/oasisapi/SingleZip?resultformat=6&queryname=PRC_RTPD_LMP&version=3&startdatetime=20220901T07:00-0000&enddatetime=20220905T07:00-0000&market_run_id=RTPD&node=KETTNER_6_N001
CABRILLO_6_N001,AS_SP26,LOAD,CBRLLO_6_LD30,22092_CABRILLO_69.0_LD30,22M7_DB114,2022-07-28 0:00:00,574,32.707366,-117.244947,,http://oasis.caiso.com/oasisapi/SingleZip?resultformat=6&queryname=PRC_RTPD_LMP&version=3&startdatetime=20220901T07:00-0000&enddatetime=20220905T07:00-0000&market_run_id=RTPD&node=CABRILLO_6_N001
CABRILLO_6_N004,AS_SP15,LOAD,CBRLLO_6_LD31,22092_CABRILLO_69.0_LD31,22M7_DB114,2022-07-28 0:00:00,575,32.707403,-117.245219,,http://oasis.caiso.com/oasisapi/SingleZip?resultformat=6&queryname=PRC_RTPD_LMP&version=3&startdatetime=20220901T07:00-0000&enddatetime=20220905T07:00-0000&market_run_id=RTPD&node=CABRILLO_6_N004
CABRILLO_6_N011,AS_SP15,GEN,CBRLLO_6_PLSTP1,22092_CABRILLO_69.0_GUM1,22M7_DB114,2022-07-28 0:00:00,576,32.707502,-117.245154,,http://oasis.caiso.com/oasisapi/SingleZip?resultformat=6&queryname=PRC_RTPD_LMP&version=3&startdatetime=20220901T07:00-0000&enddatetime=20220905T07:00-0000&market_run_id=RTPD&node=CABRILLO_6_N011
CABRILLO_1_N001,AS_NP26,LOAD,CABRIL_1_LD1,36294_CABRILLO_115_LD1,22M7_DB114,2022-07-28 0:00:00,462,32.707502,-117.244949,,http://oasis.caiso.com/oasisapi/SingleZip?resultformat=6&queryname=PRC_RTPD_LMP&version=3&startdatetime=20220901T07:00-0000&enddatetime=20220905T07:00-0000&market_run_id=RTPD&node=CABRILLO_1_N001
POINTLMA_6_N021,AS_SP15,GEN,PTLOMA_6_NTCCGN,22660_POINTLMA_69.0_GUM1,22M7_DB114,2022-07-28 0:00:00,3686,32.741591,-117.233583,,http://oasis.caiso.com/oasisapi/SingleZip?resultformat=6&queryname=PRC_RTPD_LMP&version=3&startdatetime=20220901T07:00-0000&enddatetime=20220905T07:00-0000&market_run_id=RTPD&node=POINTLMA_6_N021
POINTLMA_6_N001,AS_SP15,GEN,PTLOMA_6_NTCQF,22660_POINTLMA_69.0_GUQF,22M7_DB114,2022-07-28 0:00:00,3687,32.741645,-117.233322,,http://oasis.caiso.com/oasisapi/SingleZip?resultformat=6&queryname=PRC_RTPD_LMP&version=3&startdatetime=20220901T07:00-0000&enddatetime=20220905T07:00-0000&market_run_id=RTPD&node=POINTLMA_6_N001
POINTLMA_6_N013,AS_SP26,LOAD,PTLOMA_6_LD30,22660_POINTLMA_69.0_LD32,22M7_DB114,2022-07-28 0:00:00,3683,32.741447,-117.233264,,http://oasis.caiso.com/oasisapi/SingleZip?resultformat=6&queryname=PRC_RTPD_LMP&version=3&startdatetime=20220901T07:00-0000&enddatetime=20220905T07:00-0000&market_run_id=RTPD&node=POINTLMA_6_N013
POINTLMA_6_N014,AS_SP26,LOAD,PTLOMA_6_LD31,22660_POINTLMA_69.0_LD31,22M7_DB114,2022-07-28 0:00:00,3684,32.741431,-117.233499,,http://oasis.caiso.com/oasisapi/SingleZip?resultformat=6&queryname=PRC_RTPD_LMP&version=3&startdatetime=20220901T07:00-0000&enddatetime=20220905T07:00-0000&market_run_id=RTPD&node=POINTLMA_6_N014
PACFCBCH_6_N001,AS_SP15,LOAD,PACBCH_6_LD30,22620_PACFCBCH_69.0_LD30,22M7_DB114,2022-07-28 0:00:00,2817,32.799242,-117.240199,,http://oasis.caiso.com/oasisapi/SingleZip?resultformat=6&queryname=PRC_RTPD_LMP&version=3&startdatetime=20220901T07:00-0000&enddatetime=20220905T07:00-0000&market_run_id=RTPD&node=PACFCBCH_6_N001
PACFCBCH_6_N004,AS_SP26,LOAD,PACBCH_6_LD31,22620_PACFCBCH_69.0_LD31,22M7_DB114,2022-07-28 0:00:00,2818,32.799203,-117.24035,,http://oasis.caiso.com/oasisapi/SingleZip?resultformat=6&queryname=PRC_RTPD_LMP&version=3&startdatetime=20220901T07:00-0000&enddatetime=20220905T07:00-0000&market_run_id=RTPD&node=PACFCBCH_6_N004
OLDTOWN_6_N001,AS_SP15,LOAD,OLDTWN_6_LD31,22592_OLD TOWN_69.0_LD31,22M7_DB114,2022-07-28 0:00:00,2730,32.766227,-117.192417,,http://oasis.caiso.com/oasisapi/SingleZip?resultformat=6&queryname=PRC_RTPD_LMP&version=3&startdatetime=20220901T07:00-0000&enddatetime=20220905T07:00-0000&market_run_id=RTPD&node=OLDTOWN_6_N001
SPRNGVLY_6_N001,AS_SP26,LOAD,SPNGVY_6_LD30,22796_SPRNGVLY_69.0_LD30,22M7_DB114,2022-07-28 0:00:00,4701,32.739049,-117.00266,,http://oasis.caiso.com/oasisapi/SingleZip?resultformat=6&queryname=PRC_RTPD_LMP&version=3&startdatetime=20220901T07:00-0000&enddatetime=20220905T07:00-0000&market_run_id=RTPD&node=SPRNGVLY_6_N001
SPRNGVLY_6_N010,AS_SP15,LOAD,SPNGVY_6_LD31,22796_SPRNGVLY_69.0_LD31,22M7_DB114,2022-07-28 0:00:00,4702,32.739041,-117.002856,,http://oasis.caiso.com/oasisapi/SingleZip?resultformat=6&queryname=PRC_RTPD_LMP&version=3&startdatetime=20220901T07:00-0000&enddatetime=20220905T07:00-0000&market_run_id=RTPD&node=SPRNGVLY_6_N010
JAMACHA_6_N015,AS_SP26,LOAD,JMACHA_6_LD30,22364_JAMACHA _69.0_LD30,22M7_DB114,2022-07-28 0:00:00,1867,32.744049,-116.95742,,http://oasis.caiso.com/oasisapi/SingleZip?resultformat=6&queryname=PRC_RTPD_LMP&version=3&startdatetime=20220901T07:00-0000&enddatetime=20220905T07:00-0000&market_run_id=RTPD&node=JAMACHA_6_N015
JAMACHA_6_N006,AS_SP26,LOAD,JMACHA_6_LD31,22364_JAMACHA _69.0_LD30,22M7_DB114,2022-07-28 0:00:00,1868,32.744039,-116.95708,,http://oasis.caiso.com/oasisapi/SingleZip?resultformat=6&queryname=PRC_RTPD_LMP&version=3&startdatetime=20220901T07:00-0000&enddatetime=20220905T07:00-0000&market_run_id=RTPD&node=JAMACHA_6_N006
JAMACHA_6_N001,AS_SP26,LOAD,JMACHA_6_LD32,22364_JAMACHA _69.0_LD32,22M7_DB114,2022-07-28 0:00:00,1869,32.744259,-116.9573,,http://oasis.caiso.com/oasisapi/SingleZip?resultformat=6&queryname=PRC_RTPD_LMP&version=3&startdatetime=20220901T07:00-0000&enddatetime=20220905T07:00-0000&market_run_id=RTPD&node=JAMACHA_6_N001
CHOLLAS_6_N001,AS_SP26,LOAD,CHOLLS_6_LD31,22132_CHOLLAS _69.0_LD30,22M7_DB114,2022-07-28 0:00:00,659,32.74388,-117.046828,,http://oasis.caiso.com/oasisapi/SingleZip?resultformat=6&queryname=PRC_RTPD_LMP&version=3&startdatetime=20220901T07:00-0000&enddatetime=20220905T07:00-0000&market_run_id=RTPD&node=CHOLLAS_6_N001
CHOLLAS_6_N009,AS_SP15,LOAD,CHOLLS_6_LD32,22132_CHOLLAS _69.0_LD32,22M7_DB114,2022-07-28 0:00:00,660,32.743722,-117.046944,,http://oasis.caiso.com/oasisapi/SingleZip?resultformat=6&queryname=PRC_RTPD_LMP&version=3&startdatetime=20220901T07:00-0000&enddatetime=20220905T07:00-0000&market_run_id=RTPD&node=CHOLLAS_6_N009
CHOLLAS_6_N008,AS_SP15,LOAD,CHOLLS_6_LD33,22132_CHOLLAS _69.0_LD20,22M7_DB114,2022-07-28 0:00:00,661,32.74369,-117.046676,,http://oasis.caiso.com/oasisapi/SingleZip?resultformat=6&queryname=PRC_RTPD_LMP&version=3&startdatetime=20220901T07:00-0000&enddatetime=20220905T07:00-0000&market_run_id=RTPD&node=CHOLLAS_6_N008
STREAMVW_6_N001,AS_SP26,LOAD,STRMVW_6_LD30,22800_STREAMVW_69.0_LD30,22M7_DB114,2022-07-28 0:00:00,4778,32.745635,-117.078586,,http://oasis.caiso.com/oasisapi/SingleZip?resultformat=6&queryname=PRC_RTPD_LMP&version=3&startdatetime=20220901T07:00-0000&enddatetime=20220905T07:00-0000&market_run_id=RTPD&node=STREAMVW_6_N001
STREAMVW_6_N007,AS_SP15,LOAD,STRMVW_6_LD31,22800_STREAMVW_69.0_LD31,22M7_DB114,2022-07-28 0:00:00,4779,32.745617,-117.078773,,http://oasis.caiso.com/oasisapi/SingleZip?resultformat=6&queryname=PRC_RTPD_LMP&version=3&startdatetime=20220901T07:00-0000&enddatetime=20220905T07:00-0000&market_run_id=RTPD&node=STREAMVW_6_N007
F_6_N005,AS_SP15,LOAD,STA F_6_LD30,22276_F  _69.0_LD30,22M7_DB114,2022-07-28 0:00:00,4723,32.754844,-117.126147,,http://oasis.caiso.com/oasisapi/SingleZip?resultformat=6&queryname=PRC_RTPD_LMP&version=3&startdatetime=20220901T07:00-0000&enddatetime=20220905T07:00-0000&market_run_id=RTPD&node=F_6_N005
F_6_N002,AS_SP15,LOAD,STA F_6_LD31,22276_F  _69.0_LD31,22M7_DB114,2022-07-28 0:00:00,4724,32.754857,-117.125858,,http://oasis.caiso.com/oasisapi/SingleZip?resultformat=6&queryname=PRC_RTPD_LMP&version=3&startdatetime=20220901T07:00-0000&enddatetime=20220905T07:00-0000&market_run_id=RTPD&node=F_6_N002
F_6_N001,AS_SP26,LOAD,STA F_6_LD32,22276_F  _69.0_LD32,22M7_DB114,2022-07-28 0:00:00,4725,32.754938,-117.1260094,,http://oasis.caiso.com/oasisapi/SingleZip?resultformat=6&queryname=PRC_RTPD_LMP&version=3&startdatetime=20220901T07:00-0000&enddatetime=20220905T07:00-0000&market_run_id=RTPD&node=F_6_N001
FRIARS_1_N001,AS_SP26,LOAD,FRIARS_1_LD41,22300_FRIARS _138_LD41,22M7_DB114,2022-07-28 0:00:00,1392,32.77902766,-117.1565874,,http://oasis.caiso.com/oasisapi/SingleZip?resultformat=6&queryname=PRC_RTPD_LMP&version=3&startdatetime=20220901T07:00-0000&enddatetime=20220905T07:00-0000&market_run_id=RTPD&node=FRIARS_1_N001
FRIARS_1_N009,AS_SP26,LOAD,FRIARS_1_LD42,22300_FRIARS _138_LD40,22M7_DB114,2022-07-28 0:00:00,1393,32.7790565,-117.1570895,,http://oasis.caiso.com/oasisapi/SingleZip?resultformat=6&queryname=PRC_RTPD_LMP&version=3&startdatetime=20220901T07:00-0000&enddatetime=20220905T07:00-0000&market_run_id=RTPD&node=FRIARS_1_N009
MISSON_1_N015,AS_NP15,GEN,MISSIX_1_QF,33201_MISSIX _12.0_GUQF,22M7_DB114,2022-07-28 0:00:00,2405,32.78435969,-117.137503,,http://oasis.caiso.com/oasisapi/SingleZip?resultformat=6&queryname=PRC_RTPD_LMP&version=3&startdatetime=20220901T07:00-0000&enddatetime=20220905T07:00-0000&market_run_id=RTPD&node=MISSON_1_N015
MISSION_6_N049,AS_SP26,LOAD,MSSION_6_LD30,22496_MISSION _69.0_LD30,22M7_DB114,2022-07-28 0:00:00,2540,32.78418655,-117.1377148,,http://oasis.caiso.com/oasisapi/SingleZip?resultformat=6&queryname=PRC_RTPD_LMP&version=3&startdatetime=20220901T07:00-0000&enddatetime=20220905T07:00-0000&market_run_id=RTPD&node=MISSION_6_N049
MISSION_6_N031,AS_SP15,LOAD,MSSION_6_LD31,22496_MISSION _69.0_LD31,22M7_DB114,2022-07-28 0:00:00,2541,32.78414523,-117.13761,,http://oasis.caiso.com/oasisapi/SingleZip?resultformat=6&queryname=PRC_RTPD_LMP&version=3&startdatetime=20220901T07:00-0000&enddatetime=20220905T07:00-0000&market_run_id=RTPD&node=MISSION_6_N031
MISSION_6_N001,AS_SP15,LOAD,MSSION_6_LD32,22496_MISSION _69.0_LD32,22M7_DB114,2022-07-28 0:00:00,2542,32.78404045,-117.1373315,,http://oasis.caiso.com/oasisapi/SingleZip?resultformat=6&queryname=PRC_RTPD_LMP&version=3&startdatetime=20220901T07:00-0000&enddatetime=20220905T07:00-0000&market_run_id=RTPD&node=MISSION_6_N001
MISSION_6_N040,AS_SP26,LOAD,MSSION_6_LD33,22496_MISSION _69.0_LD33,22M7_DB114,2022-07-28 0:00:00,2543,32.78433806,-117.1372528,,http://oasis.caiso.com/oasisapi/SingleZip?resultformat=6&queryname=PRC_RTPD_LMP&version=3&startdatetime=20220901T07:00-0000&enddatetime=20220905T07:00-0000&market_run_id=RTPD&node=MISSION_6_N040
LAJOLLA_6_N007,AS_SP15,LOAD,LJOLLA_6_LD30,22392_LA JOLLA_69.0_LD30,22M7_DB114,2022-07-28 0:00:00,2144,32.84016059,-117.2754012,,http://oasis.caiso.com/oasisapi/SingleZip?resultformat=6&queryname=PRC_RTPD_LMP&version=3&startdatetime=20220901T07:00-0000&enddatetime=20220905T07:00-0000&market_run_id=RTPD&node=LAJOLLA_6_N007
LAJOLLA_6_N001,AS_SP15,LOAD,LJOLLA_6_LD31,22392_LA JOLLA_69.0_LD31,22M7_DB114,2022-07-28 0:00:00,2145,32.84013291,-117.2752118,,http://oasis.caiso.com/oasisapi/SingleZip?resultformat=6&queryname=PRC_RTPD_LMP&version=3&startdatetime=20220901T07:00-0000&enddatetime=20220905T07:00-0000&market_run_id=RTPD&node=LAJOLLA_6_N001
ROSECYN_6_N001,AS_SP15,LOAD,RSECYN_6_LD31,22696_ROSE CYN_69.0_LD30,22M7_DB114,2022-07-28 0:00:00,3826,32.84472138,-117.2370599,,http://oasis.caiso.com/oasisapi/SingleZip?resultformat=6&queryname=PRC_RTPD_LMP&version=3&startdatetime=20220901T07:00-0000&enddatetime=20220905T07:00-0000&market_run_id=RTPD&node=ROSECYN_6_N001
ROSECYN_6_N017,AS_SP26,LOAD,RSECYN_6_LD32,22696_ROSE CYN_69.0_LD32,22M7_DB114,2022-07-28 0:00:00,3827,32.84448219,-117.2369216,,http://oasis.caiso.com/oasisapi/SingleZip?resultformat=6&queryname=PRC_RTPD_LMP&version=3&startdatetime=20220901T07:00-0000&enddatetime=20220905T07:00-0000&market_run_id=RTPD&node=ROSECYN_6_N017
ROSE_6_N001,AS_NP26,LOAD,ROSE_6_LD-ROSE,34940_ROSE _70.0_LD1,22M7_DB114,2022-07-28 0:00:00,3819,32.84446499,-117.2373205,,http://oasis.caiso.com/oasisapi/SingleZip?resultformat=6&queryname=PRC_RTPD_LMP&version=3&startdatetime=20220901T07:00-0000&enddatetime=20220905T07:00-0000&market_run_id=RTPD&node=ROSE_6_N001
CLARMNT_1_N001,AS_NP26,LOAD,CLRMTK_1_LD2,32780_CLARMNT _115_LD2,22M7_DB114,2022-07-28 0:00:00,697,32.8258041,-117.1840714,,http://oasis.caiso.com/oasisapi/SingleZip?resultformat=6&queryname=PRC_RTPD_LMP&version=3&startdatetime=20220901T07:00-0000&enddatetime=20220905T07:00-0000&market_run_id=RTPD&node=CLARMNT_1_N001
CLARMNT_1_N028,AS_NP15,GEN,CLRMTK_1_QF,32780_CLARMNT _115_GUM1,22M7_DB114,2022-07-28 0:00:00,698,32.82594682,-117.1841199,,http://oasis.caiso.com/oasisapi/SingleZip?resultformat=6&queryname=PRC_RTPD_LMP&version=3&startdatetime=20220901T07:00-0000&enddatetime=20220905T07:00-0000&market_run_id=RTPD&node=CLARMNT_1_N028
CLAIRMNT_6_N008,AS_SP15,LOAD,CLRMNT_6_LD30,22136_CLAIRMNT_69.0_LD30,22M7_DB114,2022-07-28 0:00:00,695,32.82596287,-117.1838264,,http://oasis.caiso.com/oasisapi/SingleZip?resultformat=6&queryname=PRC_RTPD_LMP&version=3&startdatetime=20220901T07:00-0000&enddatetime=20220905T07:00-0000&market_run_id=RTPD&node=CLAIRMNT_6_N008
CLAIRMNT_6_N001,AS_SP26,LOAD,CLRMNT_6_LD31,22136_CLAIRMNT_69.0_LD31,22M7_DB114,2022-07-28 0:00:00,696,32.82598542,-117.1838936,,http://oasis.caiso.com/oasisapi/SingleZip?resultformat=6&queryname=PRC_RTPD_LMP&version=3&startdatetime=20220901T07:00-0000&enddatetime=20220905T07:00-0000&market_run_id=RTPD&node=CLAIRMNT_6_N001
MESAHGTS_6_N007,AS_SP26,LOAD,MSHGTS_6_LD31,22448_MESAHGTS_69.0_LD31,22M7_DB114,2022-07-28 0:00:00,2524,32.82945648,-117.1571298,,http://oasis.caiso.com/oasisapi/SingleZip?resultformat=6&queryname=PRC_RTPD_LMP&version=3&startdatetime=20220901T07:00-0000&enddatetime=20220905T07:00-0000&market_run_id=RTPD&node=MESAHGTS_6_N007
MESAHGTS_6_N001,AS_SP26,LOAD,MSHGTS_6_LD32,22448_MESAHGTS_69.0_LD32,22M7_DB114,2022-07-28 0:00:00,2525,32.82973419,-117.1572994,,http://oasis.caiso.com/oasisapi/SingleZip?resultformat=6&queryname=PRC_RTPD_LMP&version=3&startdatetime=20220901T07:00-0000&enddatetime=20220905T07:00-0000&market_run_id=RTPD&node=MESAHGTS_6_N001
MESAHGTS_6_N011,AS_SP15,GEN,MSHGTS_6_MMARLF,22448_MESAHGTS_69.0_GUM1,22M7_DB114,2022-07-28 0:00:00,2527,32.82946573,-117.1573847,,http://oasis.caiso.com/oasisapi/SingleZip?resultformat=6&queryname=PRC_RTPD_LMP&version=3&startdatetime=20220901T07:00-0000&enddatetime=20220905T07:00-0000&market_run_id=RTPD&node=MESAHGTS_6_N011
KYOCERA_6_N001,AS_SP26,LOAD,KYCORA_6_LD30,22384_KYOCERA _69.0_LD30,22M7_DB114,2022-07-28 0:00:00,1984,32.81979613,-117.1403579,,http://oasis.caiso.com/oasisapi/SingleZip?resultformat=6&queryname=PRC_RTPD_LMP&version=3&startdatetime=20220901T07:00-0000&enddatetime=20220905T07:00-0000&market_run_id=RTPD&node=KYOCERA_6_N001
KEARNEY_7_N001,AS_SP26,LOAD,KEARNY_7_LD1,22377_KEARNEY _12.5_LD1,22M7_DB114,2022-07-28 0:00:00,1901,32.8330923,-117.134238,,http://oasis.caiso.com/oasisapi/SingleZip?resultformat=6&queryname=PRC_RTPD_LMP&version=3&startdatetime=20220901T07:00-0000&enddatetime=20220905T07:00-0000&market_run_id=RTPD&node=KEARNEY_7_N001
KEARNEY_7_N003,AS_SP26,LOAD,KEARNY_7_LD2,22377_KEARNEY _12.5_LD2,22M7_DB114,2022-07-28 0:00:00,1902,32.83307827,-117.1337435,,http://oasis.caiso.com/oasisapi/SingleZip?resultformat=6&queryname=PRC_RTPD_LMP&version=3&startdatetime=20220901T07:00-0000&enddatetime=20220905T07:00-0000&market_run_id=RTPD&node=KEARNEY_7_N003
ELLIOTT_6_N004,AS_SP15,LOAD,ELLIOT_6_LD31,22216_ELLIOTT _69.0_LD31,22M7_DB114,2022-07-28 0:00:00,1229,32.81585711,-117.0887154,,http://oasis.caiso.com/oasisapi/SingleZip?resultformat=6&queryname=PRC_RTPD_LMP&version=3&startdatetime=20220901T07:00-0000&enddatetime=20220905T07:00-0000&market_run_id=RTPD&node=ELLIOTT_6_N004
ELLIOTT_6_N001,AS_SP26,LOAD,ELLIOT_6_LD32,22216_ELLIOTT _69.0_LD32,22M7_DB114,2022-07-28 0:00:00,1230,32.8159007,-117.0882917,,http://oasis.caiso.com/oasisapi/SingleZip?resultformat=6&queryname=PRC_RTPD_LMP&version=3&startdatetime=20220901T07:00-0000&enddatetime=20220905T07:00-0000&market_run_id=RTPD&node=ELLIOTT_6_N001
MURRAY_6_N015,AS_SP26,LOAD,MURRAY_6_LD30,22531_MURRAYGN_12.5_LD30,22M7_DB114,2022-07-28 0:00:00,2562,32.79097003,-117.0233255,,http://oasis.caiso.com/oasisapi/SingleZip?resultformat=6&queryname=PRC_RTPD_LMP&version=3&startdatetime=20220901T07:00-0000&enddatetime=20220905T07:00-0000&market_run_id=RTPD&node=MURRAY_6_N015
MURRAY_6_N001,AS_SP15,LOAD,MURRAY_6_LD31,22531_MURRAYGN_12.5_LD31,22M7_DB114,2022-07-28 0:00:00,2563,32.79093801,-117.022863,,http://oasis.caiso.com/oasisapi/SingleZip?resultformat=6&queryname=PRC_RTPD_LMP&version=3&startdatetime=20220901T07:00-0000&enddatetime=20220905T07:00-0000&market_run_id=RTPD&node=MURRAY_6_N001
MURRAY_6_N005,AS_SP15,LOAD,MURRAY_6_LD32,22531_MURRAYGN_12.5_LD32,22M7_DB114,2022-07-28 0:00:00,2564,32.79065871,-117.0233438,,http://oasis.caiso.com/oasisapi/SingleZip?resultformat=6&queryname=PRC_RTPD_LMP&version=3&startdatetime=20220901T07:00-0000&enddatetime=20220905T07:00-0000&market_run_id=RTPD&node=MURRAY_6_N005
MURRAY_6_N004,AS_SP15,LOAD,MURRAY_6_LD33,22531_MURRAYGN_12.5_LD33,22M7_DB114,2022-07-28 0:00:00,2565,32.79064288,-117.022836,,http://oasis.caiso.com/oasisapi/SingleZip?resultformat=6&queryname=PRC_RTPD_LMP&version=3&startdatetime=20220901T07:00-0000&enddatetime=20220905T07:00-0000&market_run_id=RTPD&node=MURRAY_6_N004
GARFIELD_6_N001,AS_SP26,LOAD,GARFLD_6_LD30,22306_GARFIELD_69.0_LD1,22M7_DB114,2022-07-28 0:00:00,1438,32.79529519,-116.9968197,,http://oasis.caiso.com/oasisapi/SingleZip?resultformat=6&queryname=PRC_RTPD_LMP&version=3&startdatetime=20220901T07:00-0000&enddatetime=20220905T07:00-0000&market_run_id=RTPD&node=GARFIELD_6_N001
CPELCAJN_7_B1,AS_SP15,GEN,ELCAJN_6_UNITA1,22150_CPELCAJN_13.8_GU1,22M7_DB114,2022-07-28 0:00:00,1189,32.79556891,-116.9723925,,http://oasis.caiso.com/oasisapi/SingleZip?resultformat=6&queryname=PRC_RTPD_LMP&version=3&startdatetime=20220901T07:00-0000&enddatetime=20220905T07:00-0000&market_run_id=RTPD&node=CPELCAJN_7_B1
ELCAJNGT_7_N001,AS_SP15,LOAD,ELCAJN_7_LD1,22212_ELCAJNGT_12.5_LD30,22M7_DB114,2022-07-28 0:00:00,1192,32.79559262,-116.972107,,http://oasis.caiso.com/oasisapi/SingleZip?resultformat=6&queryname=PRC_RTPD_LMP&version=3&startdatetime=20220901T07:00-0000&enddatetime=20220905T07:00-0000&market_run_id=RTPD&node=ELCAJNGT_7_N001
ELCAJNGT_7_N004,AS_SP26,LOAD,ELCAJN_7_LD2,22212_ELCAJNGT_12.5_LD32,22M7_DB114,2022-07-28 0:00:00,1193,32.79527039,-116.9727367,,http://oasis.caiso.com/oasisapi/SingleZip?resultformat=6&queryname=PRC_RTPD_LMP&version=3&startdatetime=20220901T07:00-0000&enddatetime=20220905T07:00-0000&market_run_id=RTPD&node=ELCAJNGT_7_N004
ELCAJNEG_7_GN001,AS_SP26,GEN,ELCAJN_6_LM6K,22434_ELCAJNEG_13.8_GU1,22M7_DB114,2022-07-28 0:00:00,1187,32.79709155,-116.9716033,,http://oasis.caiso.com/oasisapi/SingleZip?resultformat=6&queryname=PRC_RTPD_LMP&version=3&startdatetime=20220901T07:00-0000&enddatetime=20220905T07:00-0000&market_run_id=RTPD&node=ELCAJNEG_7_GN001
GRNTHLL_1_N001,AS_SP26,LOAD,GRNTHL_1_LD41,22865_GRNT HLL_138_LD1,22M7_DB114,2022-07-28 0:00:00,1577,32.804527,-116.921093,,http://oasis.caiso.com/oasisapi/SingleZip?resultformat=6&queryname=PRC_RTPD_LMP&version=3&startdatetime=20220901T07:00-0000&enddatetime=20220905T07:00-0000&market_run_id=RTPD&node=GRNTHLL_1_N001
GRANITE_6_N007,AS_SP15,LOAD,GRNITE_6_LD30,22336_GRANITE _69.0_LD30,22M7_DB114,2022-07-28 0:00:00,1567,32.80449369,-116.9208552,,http://oasis.caiso.com/oasisapi/SingleZip?resultformat=6&queryname=PRC_RTPD_LMP&version=3&startdatetime=20220901T07:00-0000&enddatetime=20220905T07:00-0000&market_run_id=RTPD&node=GRANITE_6_N007
GRANITE_6_N008,AS_SP15,LOAD,GRNITE_6_LD31,22336_GRANITE _69.0_LD31,22M7_DB114,2022-07-28 0:00:00,1568,32.80433537,-116.9211823,,http://oasis.caiso.com/oasisapi/SingleZip?resultformat=6&queryname=PRC_RTPD_LMP&version=3&startdatetime=20220901T07:00-0000&enddatetime=20220905T07:00-0000&market_run_id=RTPD&node=GRANITE_6_N008
GRANITE_6_N009,AS_SP15,LOAD,GRNITE_6_LD32,22336_GRANITE _69.0_LD32,22M7_DB114,2022-07-28 0:00:00,1569,32.80431246,-116.920932,,http://oasis.caiso.com/oasisapi/SingleZip?resultformat=6&queryname=PRC_RTPD_LMP&version=3&startdatetime=20220901T07:00-0000&enddatetime=20220905T07:00-0000&market_run_id=RTPD&node=GRANITE_6_N009
GRANITE_6_N001,AS_SP15,LOAD,GRNITE_6_LD33,22336_GRANITE _69.0_LD33,22M7_DB114,2022-07-28 0:00:00,1570,32.80421166,-116.9206326,,http://oasis.caiso.com/oasisapi/SingleZip?resultformat=6&queryname=PRC_RTPD_LMP&version=3&startdatetime=20220901T07:00-0000&enddatetime=20220905T07:00-0000&market_run_id=RTPD&node=GRANITE_6_N001
LOVELAND_6_N001,AS_SP26,LOAD,LVLAND_6_LD30,22416_LOVELAND_69.0_LD1,22M7_DB114,2022-07-28 0:00:00,2227,32.79704299,-116.7921812,,http://oasis.caiso.com/oasisapi/SingleZip?resultformat=6&queryname=PRC_RTPD_LMP&version=3&startdatetime=20220901T07:00-0000&enddatetime=20220905T07:00-0000&market_run_id=RTPD&node=LOVELAND_6_N001
ALPINE_6_N005,AS_SP26,LOAD,ALPINE_6_LD30,22004_ALPINE _69.0_LD30,22M7_DB114,2022-07-28 0:00:00,64,32.82775303,-116.7901154,,http://oasis.caiso.com/oasisapi/SingleZip?resultformat=6&queryname=PRC_RTPD_LMP&version=3&startdatetime=20220901T07:00-0000&enddatetime=20220905T07:00-0000&market_run_id=RTPD&node=ALPINE_6_N005
ALPINE_6_N001,AS_SP26,LOAD,ALPINE_6_LD32,22004_ALPINE _69.0_LD32,22M7_DB114,2022-07-28 0:00:00,65,32.82779814,-116.789691,,http://oasis.caiso.com/oasisapi/SingleZip?resultformat=6&queryname=PRC_RTPD_LMP&version=3&startdatetime=20220901T07:00-0000&enddatetime=20220905T07:00-0000&market_run_id=RTPD&node=ALPINE_6_N001
CARLTNHS_1_N012,AS_SP15,GEN,CHILLS_1_SYCLFL,22120_CARLTNHS_138_GUM1,22M7_DB114,2022-07-28 0:00:00,641,32.85510461,-117.0121821,,http://oasis.caiso.com/oasisapi/SingleZip?resultformat=6&queryname=PRC_RTPD_LMP&version=3&startdatetime=20220901T07:00-0000&enddatetime=20220905T07:00-0000&market_run_id=RTPD&node=CARLTNHS_1_N012
CARLTNHS_1_N011,AS_SP26,GEN,CHILLS_7_UNITA1,22120_CARLTNHS_138_GUM2,22M7_DB114,2022-07-28 0:00:00,642,32.85511818,-117.0117526,,http://oasis.caiso.com/oasisapi/SingleZip?resultformat=6&queryname=PRC_RTPD_LMP&version=3&startdatetime=20220901T07:00-0000&enddatetime=20220905T07:00-0000&market_run_id=RTPD&node=CARLTNHS_1_N011
CARLTNHS_1_N004,AS_SP15,LOAD,CHILLS_1_LD41,22120_CARLTNHS_138_LD41,22M7_DB114,2022-07-28 0:00:00,638,32.85476522,-117.0122039,,http://oasis.caiso.com/oasisapi/SingleZip?resultformat=6&queryname=PRC_RTPD_LMP&version=3&startdatetime=20220901T07:00-0000&enddatetime=20220905T07:00-0000&market_run_id=RTPD&node=CARLTNHS_1_N004
CARLTNHS_1_N001,AS_SP26,LOAD,CHILLS_1_LD43,22120_CARLTNHS_138_LD43,22M7_DB114,2022-07-28 0:00:00,639,32.85475841,-117.0117773,,http://oasis.caiso.com/oasisapi/SingleZip?resultformat=6&queryname=PRC_RTPD_LMP&version=3&startdatetime=20220901T07:00-0000&enddatetime=20220905T07:00-0000&market_run_id=RTPD&node=CARLTNHS_1_N001
SANTEE_1_N001,AS_SP15,LOAD,SANTEE_1_LD40,22734_SANTEE _138_LD40,22M7_DB114,2022-07-28 0:00:00,3936,32.85465824,-116.9684018,,http://oasis.caiso.com/oasisapi/SingleZip?resultformat=6&queryname=PRC_RTPD_LMP&version=3&startdatetime=20220901T07:00-0000&enddatetime=20220905T07:00-0000&market_run_id=RTPD&node=SANTEE_1_N001
SANTEE_1_N003,AS_SP15,LOAD,SANTEE_1_LD41,22734_SANTEE _138_LD41,22M7_DB114,2022-07-28 0:00:00,3937,32.85438702,-116.9686258,,http://oasis.caiso.com/oasisapi/SingleZip?resultformat=6&queryname=PRC_RTPD_LMP&version=3&startdatetime=20220901T07:00-0000&enddatetime=20220905T07:00-0000&market_run_id=RTPD&node=SANTEE_1_N003
SANTEE_1_N004,AS_SP15,LOAD,SANTEE_1_LD43,22734_SANTEE _138_LD43,22M7_DB114,2022-07-28 0:00:00,3938,32.85436745,-116.9681577,,http://oasis.caiso.com/oasisapi/SingleZip?resultformat=6&queryname=PRC_RTPD_LMP&version=3&startdatetime=20220901T07:00-0000&enddatetime=20220905T07:00-0000&market_run_id=RTPD&node=SANTEE_1_N004
TOREYPNS_6_N008,AS_SP15,LOAD,TORYPN_6_LD30,22856_TOREYPNS_69.0_LD30,22M7_DB114,2022-07-28 0:00:00,4928,32.89881529,-117.2401838,,http://oasis.caiso.com/oasisapi/SingleZip?resultformat=6&queryname=PRC_RTPD_LMP&version=3&startdatetime=20220901T07:00-0000&enddatetime=20220905T07:00-0000&market_run_id=RTPD&node=TOREYPNS_6_N008
TOREYPNS_6_N007,AS_SP26,LOAD,TORYPN_6_LD31,22856_TOREYPNS_69.0_LD31,22M7_DB114,2022-07-28 0:00:00,4929,32.89884223,-117.2398285,,http://oasis.caiso.com/oasisapi/SingleZip?resultformat=6&queryname=PRC_RTPD_LMP&version=3&startdatetime=20220901T07:00-0000&enddatetime=20220905T07:00-0000&market_run_id=RTPD&node=TOREYPNS_6_N007
TOREYPNS_6_N009,AS_SP15,LOAD,TORYPN_6_LD32,22856_TOREYPNS_69.0_LD32,22M7_DB114,2022-07-28 0:00:00,4930,32.89853011,-117.2402412,,http://oasis.caiso.com/oasisapi/SingleZip?resultformat=6&queryname=PRC_RTPD_LMP&version=3&startdatetime=20220901T07:00-0000&enddatetime=20220905T07:00-0000&market_run_id=RTPD&node=TOREYPNS_6_N009
TOREYPNS_6_N001,AS_SP15,LOAD,TORYPN_6_LD33,22856_TOREYPNS_69.0_LD33,22M7_DB114,2022-07-28 0:00:00,4931,32.89860207,-117.2398137,,http://oasis.caiso.com/oasisapi/SingleZip?resultformat=6&queryname=PRC_RTPD_LMP&version=3&startdatetime=20220901T07:00-0000&enddatetime=20220905T07:00-0000&market_run_id=RTPD&node=TOREYPNS_6_N001
DUNHILL_6_N001,AS_SP26,LOAD,DUNHIL_6_LD1,22196_DUNHILL _69.0_LD1,22M7_DB114,2022-07-28 0:00:00,1111,32.9015157,-117.2300009,,http://oasis.caiso.com/oasisapi/SingleZip?resultformat=6&queryname=PRC_RTPD_LMP&version=3&startdatetime=20220901T07:00-0000&enddatetime=20220905T07:00-0000&market_run_id=RTPD&node=DUNHILL_6_N001
UCM_6_N002,AS_SP26,LOAD,UCMTG_6_LD30,22864_UCM  _69.0_LD30,22M7_DB114,2022-07-28 0:00:00,4989,32.88373691,-117.2225007,,http://oasis.caiso.com/oasisapi/SingleZip?resultformat=6&queryname=PRC_RTPD_LMP&version=3&startdatetime=20220901T07:00-0000&enddatetime=20220905T07:00-0000&market_run_id=RTPD&node=UCM_6_N002
UCM_6_N006,AS_SP15,LOAD,UCMTG_6_LD31,22864_UCM  _69.0_LD31,22M7_DB114,2022-07-28 0:00:00,4990,32.88347002,-117.2227024,,http://oasis.caiso.com/oasisapi/SingleZip?resultformat=6&queryname=PRC_RTPD_LMP&version=3&startdatetime=20220901T07:00-0000&enddatetime=20220905T07:00-0000&market_run_id=RTPD&node=UCM_6_N006
UCM_6_N001,AS_SP26,LOAD,UCMTG_6_LD32,22864_UCM  _69.0_LD32,22M7_DB114,2022-07-28 0:00:00,4991,32.88344178,-117.2223885,,http://oasis.caiso.com/oasisapi/SingleZip?resultformat=6&queryname=PRC_RTPD_LMP&version=3&startdatetime=20220901T07:00-0000&enddatetime=20220905T07:00-0000&market_run_id=RTPD&node=UCM_6_N001
UCM_6_N110,AS_SP26,GEN,UCMTG_6_FCELL,22864_UCM  _69.0_GUM1,22M7_DB114,2022-07-28 0:00:00,4988,32.88217453,-117.223001,,http://oasis.caiso.com/oasisapi/SingleZip?resultformat=6&queryname=PRC_RTPD_LMP&version=3&startdatetime=20220901T07:00-0000&enddatetime=20220905T07:00-0000&market_run_id=RTPD&node=UCM_6_N110
GENESEE_6_N001,AS_SP26,LOAD,GENSSE_6_LD30,22316_GENESEE _69.0_LD30,22M7_DB114,2022-07-28 0:00:00,1482,32.87971154,-117.2137265,,http://oasis.caiso.com/oasisapi/SingleZip?resultformat=6&queryname=PRC_RTPD_LMP&version=3&startdatetime=20220901T07:00-0000&enddatetime=20220905T07:00-0000&market_run_id=RTPD&node=GENESEE_6_N001
GENESEE_6_N005,AS_SP15,LOAD,GENSSE_6_LD31,22316_GENESEE _69.0_LD31,22M7_DB114,2022-07-28 0:00:00,1483,32.87975696,-117.2134127,,http://oasis.caiso.com/oasisapi/SingleZip?resultformat=6&queryname=PRC_RTPD_LMP&version=3&startdatetime=20220901T07:00-0000&enddatetime=20220905T07:00-0000&market_run_id=RTPD&node=GENESEE_6_N005
GENESEE_6_N011,AS_SP26,LOAD,GENSSE_6_LD32,22316_GENESEE _69.0_LD32,22M7_DB114,2022-07-28 0:00:00,1484,32.87955605,-117.2137187,,http://oasis.caiso.com/oasisapi/SingleZip?resultformat=6&queryname=PRC_RTPD_LMP&version=3&startdatetime=20220901T07:00-0000&enddatetime=20220905T07:00-0000&market_run_id=RTPD&node=GENESEE_6_N011
GENESEE_6_N015,AS_SP15,LOAD,GENSSE_6_LD33,22316_GENESEE _69.0_LD33,22M7_DB114,2022-07-28 0:00:00,1485,32.87948906,-117.2133968,,http://oasis.caiso.com/oasisapi/SingleZip?resultformat=6&queryname=PRC_RTPD_LMP&version=3&startdatetime=20220901T07:00-0000&enddatetime=20220905T07:00-0000&market_run_id=RTPD&node=GENESEE_6_N015
EASTGATE_6_N201,AS_SP26,LOAD,EGATE_6_LD30,22204_EASTGATE_69.0_LD30,22M7_DB114,2022-07-28 0:00:00,1174,32.88496124,-117.2008339,,http://oasis.caiso.com/oasisapi/SingleZip?resultformat=6&queryname=PRC_RTPD_LMP&version=3&startdatetime=20220901T07:00-0000&enddatetime=20220905T07:00-0000&market_run_id=RTPD&node=EASTGATE_6_N201
EASTGATE_6_N101,AS_SP26,LOAD,EGATE_6_LD31,22204_EASTGATE_69.0_LD31,22M7_DB114,2022-07-28 0:00:00,1175,32.88483921,-117.2009561,,http://oasis.caiso.com/oasisapi/SingleZip?resultformat=6&queryname=PRC_RTPD_LMP&version=3&startdatetime=20220901T07:00-0000&enddatetime=20220905T07:00-0000&market_run_id=RTPD&node=EASTGATE_6_N101
EASTGATE_6_N004,AS_SP26,GEN,EGATE_7_NOCITY,22204_EASTGATE_69.0_GUM1,22M7_DB114,2022-07-28 0:00:00,1176,32.88485546,-117.2007272,,http://oasis.caiso.com/oasisapi/SingleZip?resultformat=6&queryname=PRC_RTPD_LMP&version=3&startdatetime=20220901T07:00-0000&enddatetime=20220905T07:00-0000&market_run_id=RTPD&node=EASTGATE_6_N004
MRGT_6_NODE1,AS_SP26,GEN,MRGT_6_MEF2,22487_MEF MR2 _13.8_GUQ,22M7_DB114,2022-07-28 0:00:00,2518,32.87603634,-117.1655337,,http://oasis.caiso.com/oasisapi/SingleZip?resultformat=6&queryname=PRC_RTPD_LMP&version=3&startdatetime=20220901T07:00-0000&enddatetime=20220905T07:00-0000&market_run_id=RTPD&node=MRGT_6_NODE1
MESARIM_6_N012,AS_SP26,LOAD,MESARM_6_LD30,22444_MESA RIM_69.0_LD30,22M7_DB114,2022-07-28 0:00:00,2348,32.90519416,-117.1731609,,http://oasis.caiso.com/oasisapi/SingleZip?resultformat=6&queryname=PRC_RTPD_LMP&version=3&startdatetime=20220901T07:00-0000&enddatetime=20220905T07:00-0000&market_run_id=RTPD&node=MESARIM_6_N012
MESARIM_6_N001,AS_SP26,LOAD,MESARM_6_LD31,22444_MESA RIM_69.0_LD31,22M7_DB114,2022-07-28 0:00:00,2349,32.90487943,-117.1734469,,http://oasis.caiso.com/oasisapi/SingleZip?resultformat=6&queryname=PRC_RTPD_LMP&version=3&startdatetime=20220901T07:00-0000&enddatetime=20220905T07:00-0000&market_run_id=RTPD&node=MESARIM_6_N001
MESARIM_6_N008,AS_SP15,LOAD,MESARM_6_LD32,22444_MESA RIM_69.0_LD32,22M7_DB114,2022-07-28 0:00:00,2350,32.90495445,-117.1728972,,http://oasis.caiso.com/oasisapi/SingleZip?resultformat=6&queryname=PRC_RTPD_LMP&version=3&startdatetime=20220901T07:00-0000&enddatetime=20220905T07:00-0000&market_run_id=RTPD&node=MESARIM_6_N008
MESARIM_6_N007,AS_SP26,LOAD,MESARM_6_LD33,22444_MESA RIM_69.0_LD33,22M7_DB114,2022-07-28 0:00:00,2351,32.90475475,-117.1730793,,http://oasis.caiso.com/oasisapi/SingleZip?resultformat=6&queryname=PRC_RTPD_LMP&version=3&startdatetime=20220901T07:00-0000&enddatetime=20220905T07:00-0000&market_run_id=RTPD&node=MESARIM_6_N007
MIRAMAR_6_N017,AS_SP26,LOAD,MIRMAR_6_LD30,22480_MIRAMAR _69.0_LD30,22M7_DB114,2022-07-28 0:00:00,2397,32.89421848,-117.1357881,,http://oasis.caiso.com/oasisapi/SingleZip?resultformat=6&queryname=PRC_RTPD_LMP&version=3&startdatetime=20220901T07:00-0000&enddatetime=20220905T07:00-0000&market_run_id=RTPD&node=MIRAMAR_6_N017
MIRAMAR_6_N001,AS_SP26,LOAD,MIRMAR_6_LD31,22480_MIRAMAR _69.0_LD31,22M7_DB114,2022-07-28 0:00:00,2398,32.89420967,-117.135496,,http://oasis.caiso.com/oasisapi/SingleZip?resultformat=6&queryname=PRC_RTPD_LMP&version=3&startdatetime=20220901T07:00-0000&enddatetime=20220905T07:00-0000&market_run_id=RTPD&node=MIRAMAR_6_N001
MIRAMAR_6_N004,AS_SP26,LOAD,MIRMAR_6_LD32,22480_MIRAMAR _69.0_LD32,22M7_DB114,2022-07-28 0:00:00,2399,32.8939727,-117.135802,,http://oasis.caiso.com/oasisapi/SingleZip?resultformat=6&queryname=PRC_RTPD_LMP&version=3&startdatetime=20220901T07:00-0000&enddatetime=20220905T07:00-0000&market_run_id=RTPD&node=MIRAMAR_6_N004
MIRAMREF_7_B1,AS_SP15,GEN,MRGT_6_MMAREF,22489_MIRAMREF_13.8_GUEF,22M7_DB114,2022-07-28 0:00:00,2519,32.89401659,-117.1354521,,http://oasis.caiso.com/oasisapi/SingleZip?resultformat=6&queryname=PRC_RTPD_LMP&version=3&startdatetime=20220901T07:00-0000&enddatetime=20220905T07:00-0000&market_run_id=RTPD&node=MIRAMREF_7_B1
SCRIPPS_6_N008,AS_SP15,LOAD,SCRIPS_6_LD30,22756_SCRIPPS _69.0_LD30,22M7_DB114,2022-07-28 0:00:00,4410,32.91127459,-117.1125828,,http://oasis.caiso.com/oasisapi/SingleZip?resultformat=6&queryname=PRC_RTPD_LMP&version=3&startdatetime=20220901T07:00-0000&enddatetime=20220905T07:00-0000&market_run_id=RTPD&node=SCRIPPS_6_N008
SCRIPPS_6_N001,AS_SP26,LOAD,SCRIPS_6_LD31,22756_SCRIPPS _69.0_LD31,22M7_DB114,2022-07-28 0:00:00,4411,32.91102907,-117.1127976,,http://oasis.caiso.com/oasisapi/SingleZip?resultformat=6&queryname=PRC_RTPD_LMP&version=3&startdatetime=20220901T07:00-0000&enddatetime=20220905T07:00-0000&market_run_id=RTPD&node=SCRIPPS_6_N001
SCRIPPS_6_N013,AS_SP26,LOAD,SCRIPS_6_LD32,22756_SCRIPPS _69.0_LD32,22M7_DB114,2022-07-28 0:00:00,4412,32.9110943,-117.112352,,http://oasis.caiso.com/oasisapi/SingleZip?resultformat=6&queryname=PRC_RTPD_LMP&version=3&startdatetime=20220901T07:00-0000&enddatetime=20220905T07:00-0000&market_run_id=RTPD&node=SCRIPPS_6_N013
CHCARITA_1_N004,AS_SP26,LOAD,CCRITA_1_LD40,22124_CHCARITA_138_LD40,22M7_DB114,2022-07-28 0:00:00,578,32.96013546,-117.0900725,can't find the station (statelitle looks like neighborhood,http://oasis.caiso.com/oasisapi/SingleZip?resultformat=6&queryname=PRC_RTPD_LMP&version=3&startdatetime=20220901T07:00-0000&enddatetime=20220905T07:00-0000&market_run_id=RTPD&node=CHCARITA_1_N004
CHCARITA_1_N008,AS_SP15,LOAD,CCRITA_1_LD41,22124_CHCARITA_138_LD41,22M7_DB114,2022-07-28 0:00:00,579,32.9601199,-117.0898954,,http://oasis.caiso.com/oasisapi/SingleZip?resultformat=6&queryname=PRC_RTPD_LMP&version=3&startdatetime=20220901T07:00-0000&enddatetime=20220905T07:00-0000&market_run_id=RTPD&node=CHCARITA_1_N008
CHCARITA_1_N001,AS_SP26,LOAD,CCRITA_1_LD42,22124_CHCARITA_138_LD42,22M7_DB114,2022-07-28 0:00:00,580,32.95999968,-117.0900387,,http://oasis.caiso.com/oasisapi/SingleZip?resultformat=6&queryname=PRC_RTPD_LMP&version=3&startdatetime=20220901T07:00-0000&enddatetime=20220905T07:00-0000&market_run_id=RTPD&node=CHCARITA_1_N001
CHCARITA_1_N012,AS_SP15,GEN,CCRITA_7_RPPCHF,22124_CHCARITA_138_GUM1,22M7_DB114,2022-07-28 0:00:00,581,32.96000101,-117.0898248,,http://oasis.caiso.com/oasisapi/SingleZip?resultformat=6&queryname=PRC_RTPD_LMP&version=3&startdatetime=20220901T07:00-0000&enddatetime=20220905T07:00-0000&market_run_id=RTPD&node=CHCARITA_1_N012
POMERADO_6_N001,AS_SP15,LOAD,POMRDO_6_LD31,22664_POMERADO_69.0_LD31,22M7_DB114,2022-07-28 0:00:00,3641,32.94154767,-117.0328017,,http://oasis.caiso.com/oasisapi/SingleZip?resultformat=6&queryname=PRC_RTPD_LMP&version=3&startdatetime=20220901T07:00-0000&enddatetime=20220905T07:00-0000&market_run_id=RTPD&node=POMERADO_6_N001
POMERADO_6_N008,AS_SP15,LOAD,POMRDO_6_LD32,22664_POMERADO_69.0_LD32,22M7_DB114,2022-07-28 0:00:00,3642,32.94121451,-117.0331609,,http://oasis.caiso.com/oasisapi/SingleZip?resultformat=6&queryname=PRC_RTPD_LMP&version=3&startdatetime=20220901T07:00-0000&enddatetime=20220905T07:00-0000&market_run_id=RTPD&node=POMERADO_6_N008
POMERADO_6_N004,AS_SP26,LOAD,POMRDO_6_LD33,22664_POMERADO_69.0_LD33,22M7_DB114,2022-07-28 0:00:00,3643,32.94119401,-117.0324755,,http://oasis.caiso.com/oasisapi/SingleZip?resultformat=6&queryname=PRC_RTPD_LMP&version=3&startdatetime=20220901T07:00-0000&enddatetime=20220905T07:00-0000&market_run_id=RTPD&node=POMERADO_6_N004
POWAY_6_N001,AS_SP26,LOAD,POWAY_6_LD30,22668_POWAY  _69.0_LD30,22M7_DB114,2022-07-28 0:00:00,3656,32.97869735,-117.0314377,,http://oasis.caiso.com/oasisapi/SingleZip?resultformat=6&queryname=PRC_RTPD_LMP&version=3&startdatetime=20220901T07:00-0000&enddatetime=20220905T07:00-0000&market_run_id=RTPD&node=POWAY_6_N001
POWAY_6_N010,AS_SP26,LOAD,POWAY_6_LD31,22668_POWAY  _69.0_LD31,22M7_DB114,2022-07-28 0:00:00,3657,32.97870402,-117.031188,,http://oasis.caiso.com/oasisapi/SingleZip?resultformat=6&queryname=PRC_RTPD_LMP&version=3&startdatetime=20220901T07:00-0000&enddatetime=20220905T07:00-0000&market_run_id=RTPD&node=POWAY_6_N010
RCARMEL_6_N004,AS_SP26,LOAD,RCHCML_6_LD31,22676_R.CARMEL_69.0_LD31,22M7_DB114,2022-07-28 0:00:00,3728,32.99362539,-117.0780601,,http://oasis.caiso.com/oasisapi/SingleZip?resultformat=6&queryname=PRC_RTPD_LMP&version=3&startdatetime=20220901T07:00-0000&enddatetime=20220905T07:00-0000&market_run_id=RTPD&node=RCARMEL_6_N004
RCARMEL_6_N011,AS_SP26,LOAD,RCHCML_6_LD32,22676_R.CARMEL_69.0_LD32,22M7_DB114,2022-07-28 0:00:00,3729,32.99362074,-117.077956,,http://oasis.caiso.com/oasisapi/SingleZip?resultformat=6&queryname=PRC_RTPD_LMP&version=3&startdatetime=20220901T07:00-0000&enddatetime=20220905T07:00-0000&market_run_id=RTPD&node=RCARMEL_6_N011
RCARMEL_6_N001,AS_SP26,LOAD,RCHCML_6_LD33,22676_R.CARMEL_69.0_LD33,22M7_DB114,2022-07-28 0:00:00,3730,32.99363878,-117.0773916,,http://oasis.caiso.com/oasisapi/SingleZip?resultformat=6&queryname=PRC_RTPD_LMP&version=3&startdatetime=20220901T07:00-0000&enddatetime=20220905T07:00-0000&market_run_id=RTPD&node=RCARMEL_6_N001
BERNARDO_6_N014,AS_SP15,LOAD,BENRDO_6_LD30,22056_BERNARDO_69.0_LD30,22M7_DB114,2022-07-28 0:00:00,256,33.02170605,-117.0962795,,http://oasis.caiso.com/oasisapi/SingleZip?resultformat=6&queryname=PRC_RTPD_LMP&version=3&startdatetime=20220901T07:00-0000&enddatetime=20220905T07:00-0000&market_run_id=RTPD&node=BERNARDO_6_N014
BERNARDO_6_N001,AS_SP26,LOAD,BENRDO_6_LD31,22056_BERNARDO_69.0_LD31,22M7_DB114,2022-07-28 0:00:00,257,33.02149182,-117.0960007,,http://oasis.caiso.com/oasisapi/SingleZip?resultformat=6&queryname=PRC_RTPD_LMP&version=3&startdatetime=20220901T07:00-0000&enddatetime=20220905T07:00-0000&market_run_id=RTPD&node=BERNARDO_6_N001
BERNARDO_6_N013,AS_SP26,LOAD,BENRDO_6_LD32,22056_BERNARDO_69.0_LD32,22M7_DB114,2022-07-28 0:00:00,258,33.02145283,-117.0963228,,http://oasis.caiso.com/oasisapi/SingleZip?resultformat=6&queryname=PRC_RTPD_LMP&version=3&startdatetime=20220901T07:00-0000&enddatetime=20220905T07:00-0000&market_run_id=RTPD&node=BERNARDO_6_N013
BERNARDO_6_N009,AS_SP15,LOAD,BENRDO_6_LD33,22056_BERNARDO_69.0_LD33,22M7_DB114,2022-07-28 0:00:00,259,33.02150013,-117.0967119,,http://oasis.caiso.com/oasisapi/SingleZip?resultformat=6&queryname=PRC_RTPD_LMP&version=3&startdatetime=20220901T07:00-0000&enddatetime=20220905T07:00-0000&market_run_id=RTPD&node=BERNARDO_6_N009
BERNARDO_6_N002,AS_SP26,LOAD,BENRDO_6_LD34,22056_BERNARDO_69.0_LD34,22M7_DB114,2022-07-28 0:00:00,260,33.02121358,-117.0963061,,http://oasis.caiso.com/oasisapi/SingleZip?resultformat=6&queryname=PRC_RTPD_LMP&version=3&startdatetime=20220901T07:00-0000&enddatetime=20220905T07:00-0000&market_run_id=RTPD&node=BERNARDO_6_N002
ARTESN_6_N001,AS_SP26,LOAD,ARTESN_6_LD32,22009_ARTESN _69.0_LD32,22M7_DB114,2022-07-28 0:00:00,135,33.02122758,-117.1341006,,http://oasis.caiso.com/oasisapi/SingleZip?resultformat=6&queryname=PRC_RTPD_LMP&version=3&startdatetime=20220901T07:00-0000&enddatetime=20220905T07:00-0000&market_run_id=RTPD&node=ARTESN_6_N001
RSNTAFE_6_N008,AS_SP15,LOAD,RCHSFE_6_LD20,22680_R.SNTAFE_69.0_LD20,22M7_DB114,2022-07-28 0:00:00,3733,33.01443317,-117.1985582,,http://oasis.caiso.com/oasisapi/SingleZip?resultformat=6&queryname=PRC_RTPD_LMP&version=3&startdatetime=20220901T07:00-0000&enddatetime=20220905T07:00-0000&market_run_id=RTPD&node=RSNTAFE_6_N008
RSNTAFE_6_N001,AS_SP26,LOAD,RCHSFE_6_LD30,22680_R.SNTAFE_69.0_LD30,22M7_DB114,2022-07-28 0:00:00,3734,33.01425524,-117.1986737,,http://oasis.caiso.com/oasisapi/SingleZip?resultformat=6&queryname=PRC_RTPD_LMP&version=3&startdatetime=20220901T07:00-0000&enddatetime=20220905T07:00-0000&market_run_id=RTPD&node=RSNTAFE_6_N001
RSNTAFE_6_N009,AS_SP26,LOAD,RCHSFE_6_LD31,22680_R.SNTAFE_69.0_LD31,22M7_DB114,2022-07-28 0:00:00,3735,33.01416246,-117.1984397,,http://oasis.caiso.com/oasisapi/SingleZip?resultformat=6&queryname=PRC_RTPD_LMP&version=3&startdatetime=20220901T07:00-0000&enddatetime=20220905T07:00-0000&market_run_id=RTPD&node=RSNTAFE_6_N009
DELMAR_6_N010,AS_SP26,LOAD,DELMAR_6_LD31,22160_DEL MAR _69.0_LD31,22M7_DB114,2022-07-28 0:00:00,947,32.98069889,-117.2555987,,http://oasis.caiso.com/oasisapi/SingleZip?resultformat=6&queryname=PRC_RTPD_LMP&version=3&startdatetime=20220901T07:00-0000&enddatetime=20220905T07:00-0000&market_run_id=RTPD&node=DELMAR_6_N010
DELMAR_6_N011,AS_SP26,LOAD,DELMAR_6_LD32,22160_DEL MAR _69.0_LD32,22M7_DB114,2022-07-28 0:00:00,948,32.98068539,-117.2552255,,http://oasis.caiso.com/oasisapi/SingleZip?resultformat=6&queryname=PRC_RTPD_LMP&version=3&startdatetime=20220901T07:00-0000&enddatetime=20220905T07:00-0000&market_run_id=RTPD&node=DELMAR_6_N011
ENCNITAS_6_N001,AS_SP26,LOAD,ENCNTS_6_LD20,22252_ENCNITAS_69.0_LD20,22M7_DB114,2022-07-28 0:00:00,1267,33.05071225,-117.2853193,,http://oasis.caiso.com/oasisapi/SingleZip?resultformat=6&queryname=PRC_RTPD_LMP&version=3&startdatetime=20220901T07:00-0000&enddatetime=20220905T07:00-0000&market_run_id=RTPD&node=ENCNITAS_6_N001
ENCNITAS_6_N004,AS_SP15,LOAD,ENCNTS_6_LD30,22252_ENCNITAS_69.0_LD32,22M7_DB114,2022-07-28 0:00:00,1268,33.05058023,-117.2854145,,http://oasis.caiso.com/oasisapi/SingleZip?resultformat=6&queryname=PRC_RTPD_LMP&version=3&startdatetime=20220901T07:00-0000&enddatetime=20220905T07:00-0000&market_run_id=RTPD&node=ENCNITAS_6_N004
ENCNITAS_6_N011,AS_SP26,LOAD,ENCNTS_6_LD31,22252_ENCNITAS_69.0_LD31,22M7_DB114,2022-07-28 0:00:00,1269,33.05053913,-117.2851851,,http://oasis.caiso.com/oasisapi/SingleZip?resultformat=6&queryname=PRC_RTPD_LMP&version=3&startdatetime=20220901T07:00-0000&enddatetime=20220905T07:00-0000&market_run_id=RTPD&node=ENCNITAS_6_N011
WARENCYN_6_N002,AS_SP26,LOAD,WRNCYN_6_LD20,22880_WARENCYN_69.0_LD20,22M7_DB114,2022-07-28 0:00:00,5338,33.01545557,-117.0023576,,http://oasis.caiso.com/oasisapi/SingleZip?resultformat=6&queryname=PRC_RTPD_LMP&version=3&startdatetime=20220901T07:00-0000&enddatetime=20220905T07:00-0000&market_run_id=RTPD&node=WARENCYN_6_N002
WARENCYN_6_N001,AS_SP26,LOAD,WRNCYN_6_LD30,22880_WARENCYN_69.0_LD30,22M7_DB114,2022-07-28 0:00:00,5339,33.01545588,-117.0020028,,http://oasis.caiso.com/oasisapi/SingleZip?resultformat=6&queryname=PRC_RTPD_LMP&version=3&startdatetime=20220901T07:00-0000&enddatetime=20220905T07:00-0000&market_run_id=RTPD&node=WARENCYN_6_N001
BLM W_2_COSBT1GN,AS_SP26,GEN,BLM W_2_COSBT1,GN-COSBT1_GU,22M7_DB114,2022-07-28 0:00:00,342,33.13704175,-117.3354643,,http://oasis.caiso.com/oasisapi/SingleZip?resultformat=6&queryname=PRC_RTPD_LMP&version=3&startdatetime=20220901T07:00-0000&enddatetime=20220905T07:00-0000&market_run_id=RTPD&node=BLM W_2_COSBT1GN
ENCINA_1_N049,AS_SP26,LOAD,ENCINA_1_GN-A1XA2,22228_ENCINA _138_LDA1,22M7_DB114,2022-07-28 0:00:00,1264,33.13649609,-117.3354317,,http://oasis.caiso.com/oasisapi/SingleZip?resultformat=6&queryname=PRC_RTPD_LMP&version=3&startdatetime=20220901T07:00-0000&enddatetime=20220905T07:00-0000&market_run_id=RTPD&node=ENCINA_1_N049
ENCINA_1_N001,AS_SP26,LOAD,ENCINA_1_GN-A4XA5,22228_ENCINA _138_LDA4,22M7_DB114,2022-07-28 0:00:00,1265,33.136709,-117.3348233,,http://oasis.caiso.com/oasisapi/SingleZip?resultformat=6&queryname=PRC_RTPD_LMP&version=3&startdatetime=20220901T07:00-0000&enddatetime=20220905T07:00-0000&market_run_id=RTPD&node=ENCINA_1_N001
OCEANSDE_6_N001,AS_SP26,LOAD,OCNSDE_6_LD30,22584_OCEANSDE_69.0_LD30,22M7_DB114,2022-07-28 0:00:00,2707,33.19682652,-117.3819731,,http://oasis.caiso.com/oasisapi/SingleZip?resultformat=6&queryname=PRC_RTPD_LMP&version=3&startdatetime=20220901T07:00-0000&enddatetime=20220905T07:00-0000&market_run_id=RTPD&node=OCEANSDE_6_N001
OCEANSDE_6_N002,AS_SP26,LOAD,OCNSDE_6_LD31,22584_OCEANSDE_69.0_LD31,22M7_DB114,2022-07-28 0:00:00,2708,33.19681509,-117.3817358,,http://oasis.caiso.com/oasisapi/SingleZip?resultformat=6&queryname=PRC_RTPD_LMP&version=3&startdatetime=20220901T07:00-0000&enddatetime=20220905T07:00-0000&market_run_id=RTPD&node=OCEANSDE_6_N002
SANLUSRY_6_N101,AS_SP15,LOAD,SANLUS_6_LD33,22708_SANLUSRY_69.0_LD33,22M7_DB114,2022-07-28 0:00:00,3918,33.21143111,-117.3349068,,http://oasis.caiso.com/oasisapi/SingleZip?resultformat=6&queryname=PRC_RTPD_LMP&version=3&startdatetime=20220901T07:00-0000&enddatetime=20220905T07:00-0000&market_run_id=RTPD&node=SANLUSRY_6_N101
SANLUSRY_6_N201,AS_SP15,LOAD,SANLUS_6_LD34,22708_SANLUSRY_69.0_LD34,22M7_DB114,2022-07-28 0:00:00,3919,33.21163841,-117.3339545,,http://oasis.caiso.com/oasisapi/SingleZip?resultformat=6&queryname=PRC_RTPD_LMP&version=3&startdatetime=20220901T07:00-0000&enddatetime=20220905T07:00-0000&market_run_id=RTPD&node=SANLUSRY_6_N201
MELROSE_6_N001,AS_SP15,LOAD,MELRSE_6_LD30,22440_MELROSE _69.0_LD30,22M7_DB114,2022-07-28 0:00:00,2327,33.20669687,-117.2529938,,http://oasis.caiso.com/oasisapi/SingleZip?resultformat=6&queryname=PRC_RTPD_LMP&version=3&startdatetime=20220901T07:00-0000&enddatetime=20220905T07:00-0000&market_run_id=RTPD&node=MELROSE_6_N001
MELROSE_6_N009,AS_SP15,LOAD,MELRSE_6_LD31,22440_MELROSE _69.0_LD31,22M7_DB114,2022-07-28 0:00:00,2328,33.20664369,-117.2525929,,http://oasis.caiso.com/oasisapi/SingleZip?resultformat=6&queryname=PRC_RTPD_LMP&version=3&startdatetime=20220901T07:00-0000&enddatetime=20220905T07:00-0000&market_run_id=RTPD&node=MELROSE_6_N009
MELROSE_6_N005,AS_SP26,LOAD,MELRSE_6_LD32,22440_MELROSE _69.0_LD32,22M7_DB114,2022-07-28 0:00:00,2329,33.20633634,-117.2532469,,http://oasis.caiso.com/oasisapi/SingleZip?resultformat=6&queryname=PRC_RTPD_LMP&version=3&startdatetime=20220901T07:00-0000&enddatetime=20220905T07:00-0000&market_run_id=RTPD&node=MELROSE_6_N005
MELROSE_6_N004,AS_SP26,LOAD,MELRSE_6_LD33,22440_MELROSE _69.0_LD33,22M7_DB114,2022-07-28 0:00:00,2330,33.20637034,-117.2527908,,http://oasis.caiso.com/oasisapi/SingleZip?resultformat=6&queryname=PRC_RTPD_LMP&version=3&startdatetime=20220901T07:00-0000&enddatetime=20220905T07:00-0000&market_run_id=RTPD&node=MELROSE_6_N004
MOROHILL_6_N001,AS_SP15,LOAD,MOROHL_6_LD30,22528_MOROHILL_69.0_LD1,22M7_DB114,2022-07-28 0:00:00,2483,33.2522007,-117.3003204,,http://oasis.caiso.com/oasisapi/SingleZip?resultformat=6&queryname=PRC_RTPD_LMP&version=3&startdatetime=20220901T07:00-0000&enddatetime=20220905T07:00-0000&market_run_id=RTPD&node=MOROHILL_6_N001
PENDLETN_6_N004,AS_SP15,LOAD,PNDLTN_6_LD30,22640_PENDLETN_69.0_LD30,22M7_DB114,2022-07-28 0:00:00,3626,33.30916777,-117.3352508,,http://oasis.caiso.com/oasisapi/SingleZip?resultformat=6&queryname=PRC_RTPD_LMP&version=3&startdatetime=20220901T07:00-0000&enddatetime=20220905T07:00-0000&market_run_id=RTPD&node=PENDLETN_6_N004
PENDLETN_6_N001,AS_SP15,LOAD,PNDLTN_6_LD31,22640_PENDLETN_69.0_LD31,22M7_DB114,2022-07-28 0:00:00,3627,33.30918349,-117.3349656,,http://oasis.caiso.com/oasisapi/SingleZip?resultformat=6&queryname=PRC_RTPD_LMP&version=3&startdatetime=20220901T07:00-0000&enddatetime=20220905T07:00-0000&market_run_id=RTPD&node=PENDLETN_6_N001
MONSRATE_6_N001,AS_SP15,LOAD,MNSRTE_6_LD30,22512_MONSRATE_69.0_LD30,22M7_DB114,2022-07-28 0:00:00,2429,33.32905287,-117.2355635,,http://oasis.caiso.com/oasisapi/SingleZip?resultformat=6&queryname=PRC_RTPD_LMP&version=3&startdatetime=20220901T07:00-0000&enddatetime=20220905T07:00-0000&market_run_id=RTPD&node=MONSRATE_6_N001
MONSRATE_6_N007,AS_SP26,LOAD,MNSRTE_6_LD31,22512_MONSRATE_69.0_LD31,22M7_DB114,2022-07-28 0:00:00,2430,33.32915593,-117.2352391,,http://oasis.caiso.com/oasisapi/SingleZip?resultformat=6&queryname=PRC_RTPD_LMP&version=3&startdatetime=20220901T07:00-0000&enddatetime=20220905T07:00-0000&market_run_id=RTPD&node=MONSRATE_6_N007
AVOCADO_6_N002,AS_SP26,LOAD,AVOCDO_6_LD31,22020_AVOCADO _69.0_LD31,22M7_DB114,2022-07-28 0:00:00,171,33.38470052,-117.2370801,,http://oasis.caiso.com/oasisapi/SingleZip?resultformat=6&queryname=PRC_RTPD_LMP&version=3&startdatetime=20220901T07:00-0000&enddatetime=20220905T07:00-0000&market_run_id=RTPD&node=AVOCADO_6_N002
AVOCADO_6_N001,AS_SP15,LOAD,AVOCDO_6_LD32,22020_AVOCADO _69.0_LD32,22M7_DB114,2022-07-28 0:00:00,172,33.3846983,-117.2367474,,http://oasis.caiso.com/oasisapi/SingleZip?resultformat=6&queryname=PRC_RTPD_LMP&version=3&startdatetime=20220901T07:00-0000&enddatetime=20220905T07:00-0000&market_run_id=RTPD&node=AVOCADO_6_N001
PLOALTO_1_N019,AS_NP15,GEN,PALALT_7_COBUG,38028_PLO ALTO_115_GUM1,22M7_DB114,2022-07-28 0:00:00,2839,33.35920034,-117.111482,,http://oasis.caiso.com/oasisapi/SingleZip?resultformat=6&queryname=PRC_RTPD_LMP&version=3&startdatetime=20220901T07:00-0000&enddatetime=20220905T07:00-0000&market_run_id=RTPD&node=PLOALTO_1_N019
PLOALTO_1_N013,AS_NP26,LOAD,PALALT_1_LD1,38028_PLO ALTO_115_LD1,22M7_DB114,2022-07-28 0:00:00,2836,33.35582424,-117.1125309,,http://oasis.caiso.com/oasisapi/SingleZip?resultformat=6&queryname=PRC_RTPD_LMP&version=3&startdatetime=20220901T07:00-0000&enddatetime=20220905T07:00-0000&market_run_id=RTPD&node=PLOALTO_1_N013
PLOALTO_1_N001,AS_NP26,LOAD,PALALT_1_LD2,38028_PLO ALTO_115_LD2,22M7_DB114,2022-07-28 0:00:00,2837,33.35584386,-117.1125106,,http://oasis.caiso.com/oasisapi/SingleZip?resultformat=6&queryname=PRC_RTPD_LMP&version=3&startdatetime=20220901T07:00-0000&enddatetime=20220905T07:00-0000&market_run_id=RTPD&node=PLOALTO_1_N001
PLOALTO_1_N007,AS_NP26,LOAD,PALALT_1_LD3,38028_PLO ALTO_115_LD3,22M7_DB114,2022-07-28 0:00:00,2838,33.3557237,-117.1122209,,http://oasis.caiso.com/oasisapi/SingleZip?resultformat=6&queryname=PRC_RTPD_LMP&version=3&startdatetime=20220901T07:00-0000&enddatetime=20220905T07:00-0000&market_run_id=RTPD&node=PLOALTO_1_N007
PALA_6_N001,AS_SP15,LOAD,PALA_6_LD30,22624_PALA _69.0_LD1,22M7_DB114,2022-07-28 0:00:00,2840,33.35607115,-117.1123405,,http://oasis.caiso.com/oasisapi/SingleZip?resultformat=6&queryname=PRC_RTPD_LMP&version=3&startdatetime=20220901T07:00-0000&enddatetime=20220905T07:00-0000&market_run_id=RTPD&node=PALA_6_N001
LILAC_6_N010,AS_SP26,LOAD,LILIAC_6_LD31,22405_LILACGEN_12.5_LD31,22M7_DB114,2022-07-28 0:00:00,2121,33.25334054,-117.0859586,,http://oasis.caiso.com/oasisapi/SingleZip?resultformat=6&queryname=PRC_RTPD_LMP&version=3&startdatetime=20220901T07:00-0000&enddatetime=20220905T07:00-0000&market_run_id=RTPD&node=LILAC_6_N010
LILAC_6_N001,AS_SP26,LOAD,LILIAC_6_LD32,22405_LILACGEN_12.5_LD32,22M7_DB114,2022-07-28 0:00:00,2122,33.25332439,-117.0857127,,http://oasis.caiso.com/oasisapi/SingleZip?resultformat=6&queryname=PRC_RTPD_LMP&version=3&startdatetime=20220901T07:00-0000&enddatetime=20220905T07:00-0000&market_run_id=RTPD&node=LILAC_6_N001
PALOMAR_1_N013,AS_SP26,LOAD,PARPRT_1_LD40,22632_PALOMAR _138_LD40,22M7_DB114,2022-07-28 0:00:00,2865,33.12302948,-117.2878474,,http://oasis.caiso.com/oasisapi/SingleZip?resultformat=6&queryname=PRC_RTPD_LMP&version=3&startdatetime=20220901T07:00-0000&enddatetime=20220905T07:00-0000&market_run_id=RTPD&node=PALOMAR_1_N013
PALOMAR_1_N004,AS_SP15,LOAD,PARPRT_1_LD41,22632_PALOMAR _138_LD41,22M7_DB114,2022-07-28 0:00:00,2866,33.12302948,-117.2878474,,http://oasis.caiso.com/oasisapi/SingleZip?resultformat=6&queryname=PRC_RTPD_LMP&version=3&startdatetime=20220901T07:00-0000&enddatetime=20220905T07:00-0000&market_run_id=RTPD&node=PALOMAR_1_N004
PALOMAR_1_N001,AS_SP26,LOAD,PARPRT_1_LD42,22632_PALOMAR _138_LD42,22M7_DB114,2022-07-28 0:00:00,2867,33.12275563,-117.2876275,,http://oasis.caiso.com/oasisapi/SingleZip?resultformat=6&queryname=PRC_RTPD_LMP&version=3&startdatetime=20220901T07:00-0000&enddatetime=20220905T07:00-0000&market_run_id=RTPD&node=PALOMAR_1_N001
BATIQTOS_1_N001,AS_SP26,LOAD,BQUTOS_1_LD41,22048_BATIQTOS_138_LD41,22M7_DB114,2022-07-28 0:00:00,379,33.10131378,-117.2503983,,http://oasis.caiso.com/oasisapi/SingleZip?resultformat=6&queryname=PRC_RTPD_LMP&version=3&startdatetime=20220901T07:00-0000&enddatetime=20220905T07:00-0000&market_run_id=RTPD&node=BATIQTOS_1_N001
BATIQTOS_1_N015,AS_SP15,LOAD,BQUTOS_1_LD42,22048_BATIQTOS_138_LD42,22M7_DB114,2022-07-28 0:00:00,380,33.10107759,-117.2507205,,http://oasis.caiso.com/oasisapi/SingleZip?resultformat=6&queryname=PRC_RTPD_LMP&version=3&startdatetime=20220901T07:00-0000&enddatetime=20220905T07:00-0000&market_run_id=RTPD&node=BATIQTOS_1_N015
BATIQTOS_1_N008,AS_SP15,LOAD,BQUTOS_1_LD43,22048_BATIQTOS_138_LD43,22M7_DB114,2022-07-28 0:00:00,381,33.10108203,-117.2501996,,http://oasis.caiso.com/oasisapi/SingleZip?resultformat=6&queryname=PRC_RTPD_LMP&version=3&startdatetime=20220901T07:00-0000&enddatetime=20220905T07:00-0000&market_run_id=RTPD&node=BATIQTOS_1_N008
SHADOWR_1_N008,AS_SP26,LOAD,SHRDGE_1_LD40,22760_SHADOWR _138_LD40,22M7_DB114,2022-07-28 0:00:00,4535,33.14166179,-117.238825,,http://oasis.caiso.com/oasisapi/SingleZip?resultformat=6&queryname=PRC_RTPD_LMP&version=3&startdatetime=20220901T07:00-0000&enddatetime=20220905T07:00-0000&market_run_id=RTPD&node=SHADOWR_1_N008
SHADOWR_1_N006,AS_SP26,LOAD,SHRDGE_1_LD41,22760_SHADOWR _138_LD41,22M7_DB114,2022-07-28 0:00:00,4536,33.14140249,-117.2391186,,http://oasis.caiso.com/oasisapi/SingleZip?resultformat=6&queryname=PRC_RTPD_LMP&version=3&startdatetime=20220901T07:00-0000&enddatetime=20220905T07:00-0000&market_run_id=RTPD&node=SHADOWR_1_N006
SHADOWR_1_N001,AS_SP15,LOAD,SHRDGE_1_LD42,22760_SHADOWR _138_LD42,22M7_DB114,2022-07-28 0:00:00,4537,33.14137852,-117.2385979,,http://oasis.caiso.com/oasisapi/SingleZip?resultformat=6&queryname=PRC_RTPD_LMP&version=3&startdatetime=20220901T07:00-0000&enddatetime=20220905T07:00-0000&market_run_id=RTPD&node=SHADOWR_1_N001
SANMRCOS_6_N007,AS_SP15,LOAD,SMRCOS_6_LD30,22724_SANMRCOS_69.0_LD30,22M7_DB114,2022-07-28 0:00:00,4615,33.12896437,-117.1973031,,http://oasis.caiso.com/oasisapi/SingleZip?resultformat=6&queryname=PRC_RTPD_LMP&version=3&startdatetime=20220901T07:00-0000&enddatetime=20220905T07:00-0000&market_run_id=RTPD&node=SANMRCOS_6_N007
SANMRCOS_6_N011,AS_SP26,LOAD,SMRCOS_6_LD31,22724_SANMRCOS_69.0_LD31,22M7_DB114,2022-07-28 0:00:00,4616,33.12884126,-117.1969489,,http://oasis.caiso.com/oasisapi/SingleZip?resultformat=6&queryname=PRC_RTPD_LMP&version=3&startdatetime=20220901T07:00-0000&enddatetime=20220905T07:00-0000&market_run_id=RTPD&node=SANMRCOS_6_N011
SANMRCOS_6_N001,AS_SP26,LOAD,SMRCOS_6_LD32,22724_SANMRCOS_69.0_LD32,22M7_DB114,2022-07-28 0:00:00,4617,33.12867277,-117.19707,,http://oasis.caiso.com/oasisapi/SingleZip?resultformat=6&queryname=PRC_RTPD_LMP&version=3&startdatetime=20220901T07:00-0000&enddatetime=20220905T07:00-0000&market_run_id=RTPD&node=SANMRCOS_6_N001
SANMRCOS_6_N012,AS_SP15,GEN,SMRCOS_6_UNIT 1,22724_SANMRCOS_69.0_GUM1,22M7_DB114,2022-07-28 0:00:00,4620,33.12853545,-117.197287,,http://oasis.caiso.com/oasisapi/SingleZip?resultformat=6&queryname=PRC_RTPD_LMP&version=3&startdatetime=20220901T07:00-0000&enddatetime=20220905T07:00-0000&market_run_id=RTPD&node=SANMRCOS_6_N012
SNTAMRA_1_N005,AS_NP26,LOAD,SANMAR_1_LD2,36266_SNTA MRA_115_LD2,22M7_DB114,2022-07-28 0:00:00,3923,33.12871491,-117.1976226,,http://oasis.caiso.com/oasisapi/SingleZip?resultformat=6&queryname=PRC_RTPD_LMP&version=3&startdatetime=20220901T07:00-0000&enddatetime=20220905T07:00-0000&market_run_id=RTPD&node=SNTAMRA_1_N005
SNTAMRA_1_N001,AS_NP26,LOAD,SANMAR_1_LD3,36266_SNTA MRA_115_LD3,22M7_DB114,2022-07-28 0:00:00,3924,33.12847685,-117.1972897,,http://oasis.caiso.com/oasisapi/SingleZip?resultformat=6&queryname=PRC_RTPD_LMP&version=3&startdatetime=20220901T07:00-0000&enddatetime=20220905T07:00-0000&market_run_id=RTPD&node=SNTAMRA_1_N001
NCMETER_1_N001,AS_SP15,LOAD,NCMTG_1_LD40,22568_NCMETER _138_LD40,22M7_DB114,2022-07-28 0:00:00,2590,33.0896009,-117.2031965,,http://oasis.caiso.com/oasisapi/SingleZip?resultformat=6&queryname=PRC_RTPD_LMP&version=3&startdatetime=20220901T07:00-0000&enddatetime=20220905T07:00-0000&market_run_id=RTPD&node=NCMETER_1_N001
OMWD_6_N001,AS_SP26,LOAD,OLIVHN_6_LD1,22602_OMWD _69.0_LD1,22M7_DB114,2022-07-28 0:00:00,2744,33.06844795,-117.1415186,,http://oasis.caiso.com/oasisapi/SingleZip?resultformat=6&queryname=PRC_RTPD_LMP&version=3&startdatetime=20220901T07:00-0000&enddatetime=20220905T07:00-0000&market_run_id=RTPD&node=OMWD_6_N001
ESCNDIDO_6_N046,AS_SP15,LOAD,ESCNDO_6_LD30,22256_ESCNDIDO_69.0_LD30,22M7_DB114,2022-07-28 0:00:00,1288,33.12572564,-117.116791,,http://oasis.caiso.com/oasisapi/SingleZip?resultformat=6&queryname=PRC_RTPD_LMP&version=3&startdatetime=20220901T07:00-0000&enddatetime=20220905T07:00-0000&market_run_id=RTPD&node=ESCNDIDO_6_N046
ESCNDIDO_6_N001,AS_SP15,LOAD,ESCNDO_6_LD31,22256_ESCNDIDO_69.0_LD31,22M7_DB114,2022-07-28 0:00:00,1289,33.12545971,-117.1166477,,http://oasis.caiso.com/oasisapi/SingleZip?resultformat=6&queryname=PRC_RTPD_LMP&version=3&startdatetime=20220901T07:00-0000&enddatetime=20220905T07:00-0000&market_run_id=RTPD&node=ESCNDIDO_6_N001
ESCNDIDO_6_N053,AS_SP15,LOAD,ESCNDO_6_LD32,22256_ESCNDIDO_69.0_LD32,22M7_DB114,2022-07-28 0:00:00,1290,33.12577608,-117.1171374,,http://oasis.caiso.com/oasisapi/SingleZip?resultformat=6&queryname=PRC_RTPD_LMP&version=3&startdatetime=20220901T07:00-0000&enddatetime=20220905T07:00-0000&market_run_id=RTPD&node=ESCNDIDO_6_N053
CPESCNDO_7_A1,AS_SP26,GEN,ESCNDO_6_PL1X2,22257_RAMCO_ES_13.8_GUA1,22M7_DB114,2022-07-28 0:00:00,1293,33.12579572,-117.1160761,,http://oasis.caiso.com/oasisapi/SingleZip?resultformat=6&queryname=PRC_RTPD_LMP&version=3&startdatetime=20220901T07:00-0000&enddatetime=20220905T07:00-0000&market_run_id=RTPD&node=CPESCNDO_7_A1
CPESCNDO_7_B1,AS_SP26,GEN,ESCNDO_6_UNITB1,22153_CPESCNDO_13.8_GU1,22M7_DB114,2022-07-28 0:00:00,1294,33.12587799,-117.1166727,,http://oasis.caiso.com/oasisapi/SingleZip?resultformat=6&queryname=PRC_RTPD_LMP&version=3&startdatetime=20220901T07:00-0000&enddatetime=20220905T07:00-0000&market_run_id=RTPD&node=CPESCNDO_7_B1
ESCO_6_N004,AS_SP15,LOAD,ESCO_6_LD31,22272_ESCO _69.0_LD31,22M7_DB114,2022-07-28 0:00:00,1297,33.11562179,-117.0894716,,http://oasis.caiso.com/oasisapi/SingleZip?resultformat=6&queryname=PRC_RTPD_LMP&version=3&startdatetime=20220901T07:00-0000&enddatetime=20220905T07:00-0000&market_run_id=RTPD&node=ESCO_6_N004
ESCO_6_N001,AS_SP26,LOAD,ESCO_6_LD32,22272_ESCO _69.0_LD32,22M7_DB114,2022-07-28 0:00:00,1298,33.11577403,-117.0890645,,http://oasis.caiso.com/oasisapi/SingleZip?resultformat=6&queryname=PRC_RTPD_LMP&version=3&startdatetime=20220901T07:00-0000&enddatetime=20220905T07:00-0000&market_run_id=RTPD&node=ESCO_6_N001
GOALLINE_6_N001,AS_SP15,GEN,ESCO_6_GLMQF,22332_GOALLINE_69.0_GU1,22M7_DB114,2022-07-28 0:00:00,1296,33.11703204,-117.0888245,,http://oasis.caiso.com/oasisapi/SingleZip?resultformat=6&queryname=PRC_RTPD_LMP&version=3&startdatetime=20220901T07:00-0000&enddatetime=20220905T07:00-0000&market_run_id=RTPD&node=GOALLINE_6_N001
FELICITA_6_N009,AS_SP15,LOAD,FELCTA_6_LD30,22288_FELICITA_69.0_LD30,22M7_DB114,2022-07-28 0:00:00,1356,33.0933505,-117.073652,,http://oasis.caiso.com/oasisapi/SingleZip?resultformat=6&queryname=PRC_RTPD_LMP&version=3&startdatetime=20220901T07:00-0000&enddatetime=20220905T07:00-0000&market_run_id=RTPD&node=FELICITA_6_N009
FELICITA_6_N005,AS_SP26,LOAD,FELCTA_6_LD31,22288_FELICITA_69.0_LD31,22M7_DB114,2022-07-28 0:00:00,1357,33.09305163,-117.0738402,,http://oasis.caiso.com/oasisapi/SingleZip?resultformat=6&queryname=PRC_RTPD_LMP&version=3&startdatetime=20220901T07:00-0000&enddatetime=20220905T07:00-0000&market_run_id=RTPD&node=FELICITA_6_N005
FELICITA_6_N001,AS_SP15,LOAD,FELCTA_6_LD32,22288_FELICITA_69.0_LD32,22M7_DB114,2022-07-28 0:00:00,1358,33.09302678,-117.0734188,,http://oasis.caiso.com/oasisapi/SingleZip?resultformat=6&queryname=PRC_RTPD_LMP&version=3&startdatetime=20220901T07:00-0000&enddatetime=20220905T07:00-0000&market_run_id=RTPD&node=FELICITA_6_N001
ASH_6_N005,AS_SP26,LOAD,ASH_6_LD30,22008_ASH  _69.0_LD30,22M7_DB114,2022-07-28 0:00:00,145,33.13678728,-117.0705751,,http://oasis.caiso.com/oasisapi/SingleZip?resultformat=6&queryname=PRC_RTPD_LMP&version=3&startdatetime=20220901T07:00-0000&enddatetime=20220905T07:00-0000&market_run_id=RTPD&node=ASH_6_N005
ASH_6_N101,AS_SP15,LOAD,ASH_6_LD31,22008_ASH  _69.0_LD31,22M7_DB114,2022-07-28 0:00:00,146,33.13662312,-117.0704085,,http://oasis.caiso.com/oasisapi/SingleZip?resultformat=6&queryname=PRC_RTPD_LMP&version=3&startdatetime=20220901T07:00-0000&enddatetime=20220905T07:00-0000&market_run_id=RTPD&node=ASH_6_N101
ASH_6_N001,AS_SP15,LOAD,ASH_6_LD32,22008_ASH  _69.0_LD32,22M7_DB114,2022-07-28 0:00:00,147,33.13665216,-117.0700699,,http://oasis.caiso.com/oasisapi/SingleZip?resultformat=6&queryname=PRC_RTPD_LMP&version=3&startdatetime=20220901T07:00-0000&enddatetime=20220905T07:00-0000&market_run_id=RTPD&node=ASH_6_N001
RAMNGEN_7_N003,AS_SP26,GEN,CRELMN_6_RAMON2,22154_RAMN GEN_12.0_GU2,22M7_DB114,2022-07-28 0:00:00,837,33.01480304,-116.8752718,,http://oasis.caiso.com/oasisapi/SingleZip?resultformat=6&queryname=PRC_RTPD_LMP&version=3&startdatetime=20220901T07:00-0000&enddatetime=20220905T07:00-0000&market_run_id=RTPD&node=RAMNGEN_7_N003
CREELMAN_6_N014,AS_SP15,LOAD,CRELMN_6_LD30,99163_RAMONAGN_12.0_LD30,22M7_DB114,2022-07-28 0:00:00,833,33.01822478,-116.8530237,,http://oasis.caiso.com/oasisapi/SingleZip?resultformat=6&queryname=PRC_RTPD_LMP&version=3&startdatetime=20220901T07:00-0000&enddatetime=20220905T07:00-0000&market_run_id=RTPD&node=CREELMAN_6_N014
CREELMAN_6_N001,AS_SP15,LOAD,CRELMN_6_LD31,22152_CREELMAN_69.0_LD31,22M7_DB114,2022-07-28 0:00:00,834,33.01799513,-116.8532499,,http://oasis.caiso.com/oasisapi/SingleZip?resultformat=6&queryname=PRC_RTPD_LMP&version=3&startdatetime=20220901T07:00-0000&enddatetime=20220905T07:00-0000&market_run_id=RTPD&node=CREELMAN_6_N001
CREELMAN_6_N004,AS_SP15,LOAD,CRELMN_6_LD32,22154_RAMN GEN_12.0_LD32,22M7_DB114,2022-07-28 0:00:00,835,33.01797763,-116.8528224,,http://oasis.caiso.com/oasisapi/SingleZip?resultformat=6&queryname=PRC_RTPD_LMP&version=3&startdatetime=20220901T07:00-0000&enddatetime=20220905T07:00-0000&market_run_id=RTPD&node=CREELMAN_6_N004
VLYCGEN_7_N002,AS_SP26,GEN,VLCNTR_6_VCSLR1,22871_VLYC GEN_12.0_GU1,22M7_DB114,2022-07-28 0:00:00,5170,33.2326448,-117.0028289,,http://oasis.caiso.com/oasisapi/SingleZip?resultformat=6&queryname=PRC_RTPD_LMP&version=3&startdatetime=20220901T07:00-0000&enddatetime=20220905T07:00-0000&market_run_id=RTPD&node=VLYCGEN_7_N002
VLYCGEN_7_N003,AS_SP15,GEN,VLCNTR_6_VCSLR2,22871_VLYC GEN_12.0_GU2,22M7_DB114,2022-07-28 0:00:00,5171,33.2325483,-117.0014186,,http://oasis.caiso.com/oasisapi/SingleZip?resultformat=6&queryname=PRC_RTPD_LMP&version=3&startdatetime=20220901T07:00-0000&enddatetime=20220905T07:00-0000&market_run_id=RTPD&node=VLYCGEN_7_N003
VALCNTR_6_N001,AS_SP15,LOAD,VLCNTR_6_LD1,22871_VLYC GEN_12.0_LD31,22M7_DB114,2022-07-28 0:00:00,5166,33.23068428,-117.0184155,,http://oasis.caiso.com/oasisapi/SingleZip?resultformat=6&queryname=PRC_RTPD_LMP&version=3&startdatetime=20220901T07:00-0000&enddatetime=20220905T07:00-0000&market_run_id=RTPD&node=VALCNTR_6_N001
RINCON_6_N008,AS_SP26,LOAD,RINCN_6_LD30,22688_RINCON _69.0_LD30,22M7_DB114,2022-07-28 0:00:00,3785,33.28602324,-116.9587942,,http://oasis.caiso.com/oasisapi/SingleZip?resultformat=6&queryname=PRC_RTPD_LMP&version=3&startdatetime=20220901T07:00-0000&enddatetime=20220905T07:00-0000&market_run_id=RTPD&node=RINCON_6_N008
RINCON_6_N001,AS_SP26,LOAD,RINCN_6_LD31,22688_RINCON _69.0_LD31,22M7_DB114,2022-07-28 0:00:00,3786,33.28600294,-116.9585035,,http://oasis.caiso.com/oasisapi/SingleZip?resultformat=6&queryname=PRC_RTPD_LMP&version=3&startdatetime=20220901T07:00-0000&enddatetime=20220905T07:00-0000&market_run_id=RTPD&node=RINCON_6_N001
RINCON_1_N003,AS_NP26,LOAD,RINCON_1_LD1,31250_RINCON _115_LD1,22M7_DB114,2022-07-28 0:00:00,3787,33.28576216,-116.958746,,http://oasis.caiso.com/oasisapi/SingleZip?resultformat=6&queryname=PRC_RTPD_LMP&version=3&startdatetime=20220901T07:00-0000&enddatetime=20220905T07:00-0000&market_run_id=RTPD&node=RINCON_1_N003
RINCON_1_N001,AS_NP15,LOAD,RINCON_1_LD2,31250_RINCON _115_LD2,22M7_DB114,2022-07-28 0:00:00,3788,33.28577862,-116.9584794,,http://oasis.caiso.com/oasisapi/SingleZip?resultformat=6&queryname=PRC_RTPD_LMP&version=3&startdatetime=20220901T07:00-0000&enddatetime=20220905T07:00-0000&market_run_id=RTPD&node=RINCON_1_N001
STUART_6_N001,AS_SP15,LOAD,STUART_6_LD30,22804_STUART _69.0_LD1,22M7_DB114,2022-07-28 0:00:00,4788,33.25671933,-117.4165729,,http://oasis.caiso.com/oasisapi/SingleZip?resultformat=6&queryname=PRC_RTPD_LMP&version=3&startdatetime=20220901T07:00-0000&enddatetime=20220905T07:00-0000&market_run_id=RTPD&node=STUART_6_N001
LASPLGS_6_N001,AS_NP15,LOAD,LASPLG_6_LD1,33376_LAS PLGS_60.0_LD1,22M7_DB114,2022-07-28 0:00:00,2054,33.31286664,-117.4671652,,http://oasis.caiso.com/oasisapi/SingleZip?resultformat=6&queryname=PRC_RTPD_LMP&version=3&startdatetime=20220901T07:00-0000&enddatetime=20220905T07:00-0000&market_run_id=RTPD&node=LASPLGS_6_N001
LASPULGS_6_N001,AS_SP26,LOAD,LPULGS_6_LD30,22400_LASPULGS_69.0_LD1,22M7_DB114,2022-07-28 0:00:00,2211,33.31283306,-117.4667796,,http://oasis.caiso.com/oasisapi/SingleZip?resultformat=6&queryname=PRC_RTPD_LMP&version=3&startdatetime=20220901T07:00-0000&enddatetime=20220905T07:00-0000&market_run_id=RTPD&node=LASPULGS_6_N001
JAPMESA_6_N007,AS_SP26,LOAD,JAPNSE_6_LD30,22368_JAP MESA_69.0_LD30,22M7_DB114,2022-07-28 0:00:00,1848,33.37432653,-117.5548847,,http://oasis.caiso.com/oasisapi/SingleZip?resultformat=6&queryname=PRC_RTPD_LMP&version=3&startdatetime=20220901T07:00-0000&enddatetime=20220905T07:00-0000&market_run_id=RTPD&node=JAPMESA_6_N007
JAPMESA_6_N001,AS_SP15,LOAD,JAPNSE_6_LD31,22368_JAP MESA_69.0_LD31,22M7_DB114,2022-07-28 0:00:00,1849,33.37436248,-117.5546716,,http://oasis.caiso.com/oasisapi/SingleZip?resultformat=6&queryname=PRC_RTPD_LMP&version=3&startdatetime=20220901T07:00-0000&enddatetime=20220905T07:00-0000&market_run_id=RTPD&node=JAPMESA_6_N001
SONOFR3_7_B1,AS_SP15,GEN,SONGS_7_UNIT 3,24130_S.ONOFR3_22.0_GU3,22M7_DB114,2022-07-28 0:00:00,4671,33.36924838,-117.5533188,,http://oasis.caiso.com/oasisapi/SingleZip?resultformat=6&queryname=PRC_RTPD_LMP&version=3&startdatetime=20220901T07:00-0000&enddatetime=20220905T07:00-0000&market_run_id=RTPD&node=SONOFR3_7_B1
SONOFR2_7_B1,AS_SP26,GEN,SONGS_7_UNIT 2,24129_S.ONOFR2_22.0_GU2,22M7_DB114,2022-07-28 0:00:00,4670,33.36961903,-117.554133,,http://oasis.caiso.com/oasisapi/SingleZip?resultformat=6&queryname=PRC_RTPD_LMP&version=3&startdatetime=20220901T07:00-0000&enddatetime=20220905T07:00-0000&market_run_id=RTPD&node=SONOFR2_7_B1
SONOFRE_2_N067,AS_SP26,LOAD,SONGS_2_LD-3XR,24131_S.ONOFRE_230_LDA3,22M7_DB114,2022-07-28 0:00:00,4668,33.3697053,-117.5545154,,http://oasis.caiso.com/oasisapi/SingleZip?resultformat=6&queryname=PRC_RTPD_LMP&version=3&startdatetime=20220901T07:00-0000&enddatetime=20220905T07:00-0000&market_run_id=RTPD&node=SONOFRE_2_N067
BARRETT_6_N001,AS_SP15,LOAD,BARRET_6_LD31,22040_BARRETT _69.0_LD1,22M7_DB114,2022-07-28 0:00:00,211,32.66715153,-116.7002197,,http://oasis.caiso.com/oasisapi/SingleZip?resultformat=6&queryname=PRC_RTPD_LMP&version=3&startdatetime=20220901T07:00-0000&enddatetime=20220905T07:00-0000&market_run_id=RTPD&node=BARRETT_6_N001
CAMERON_6_N001,AS_SP26,LOAD,CAMERN_6_LD30,22104_CAMERON _69.0_LD1,22M7_DB114,2022-07-28 0:00:00,503,32.653268,-116.4881736,,http://oasis.caiso.com/oasisapi/SingleZip?resultformat=6&queryname=PRC_RTPD_LMP&version=3&startdatetime=20220901T07:00-0000&enddatetime=20220905T07:00-0000&market_run_id=RTPD&node=CAMERON_6_N001
KUMEYAAY_7_N001,AS_SP15,GEN,CRSTWD_6_KUMYAY,22904_KUMEYAAY_34.5_GUKY,22M7_DB114,2022-07-28 0:00:00,863,32.69901509,-116.3539488,,http://oasis.caiso.com/oasisapi/SingleZip?resultformat=6&queryname=PRC_RTPD_LMP&version=3&startdatetime=20220901T07:00-0000&enddatetime=20220905T07:00-0000&market_run_id=RTPD&node=KUMEYAAY_7_N001
CRESTWD_6_N001,AS_SP15,LOAD,CRSTWD_6_LD30,22902_CRESTWD _69.0_LD1,22M7_DB114,2022-07-28 0:00:00,864,32.69901746,-116.3535954,,http://oasis.caiso.com/oasisapi/SingleZip?resultformat=6&queryname=PRC_RTPD_LMP&version=3&startdatetime=20220901T07:00-0000&enddatetime=20220905T07:00-0000&market_run_id=RTPD&node=CRESTWD_6_N001
GLENCLIF_6_N001,AS_SP15,LOAD,GCLIFF_6_LD30,22324_GLENCLIF_69.0_LD1,22M7_DB114,2022-07-28 0:00:00,1474,32.79837115,-116.49827,,http://oasis.caiso.com/oasisapi/SingleZip?resultformat=6&queryname=PRC_RTPD_LMP&version=3&startdatetime=20220901T07:00-0000&enddatetime=20220905T07:00-0000&market_run_id=RTPD&node=GLENCLIF_6_N001
DESCANSO_6_N001,AS_SP15,LOAD,DESCAN_6_LD30,22168_DESCANSO_69.0_LD1,22M7_DB114,2022-07-28 0:00:00,974,32.86526401,-116.6336925,,http://oasis.caiso.com/oasisapi/SingleZip?resultformat=6&queryname=PRC_RTPD_LMP&version=3&startdatetime=20220901T07:00-0000&enddatetime=20220905T07:00-0000&market_run_id=RTPD&node=DESCANSO_6_N001
SANTYSBL_6_N001,AS_SP15,LOAD,SNTABL_6_LD30,22736_SANTYSBL_69.0_LD1,22M7_DB114,2022-07-28 0:00:00,4655,33.11072149,-116.6711126,,http://oasis.caiso.com/oasisapi/SingleZip?resultformat=6&queryname=PRC_RTPD_LMP&version=3&startdatetime=20220901T07:00-0000&enddatetime=20220905T07:00-0000&market_run_id=RTPD&node=SANTYSBL_6_N001
WARNERS_6_N001,AS_SP26,LOAD,WRNERS_6_LD1,22884_WARNERS _69.0_LD1,22M7_DB114,2022-07-28 0:00:00,5340,33.24736265,-116.6757664,,http://oasis.caiso.com/oasisapi/SingleZip?resultformat=6&queryname=PRC_RTPD_LMP&version=3&startdatetime=20220901T07:00-0000&enddatetime=20220905T07:00-0000&market_run_id=RTPD&node=WARNERS_6_N001
BORREGO_6_N009,AS_SP26,GEN,BREGGO_6_SOLAR,22084_BORREGO _69.0_GU1,22M7_DB114,2022-07-28 0:00:00,397,33.29123895,-116.3530361,,http://oasis.caiso.com/oasisapi/SingleZip?resultformat=6&queryname=PRC_RTPD_LMP&version=3&startdatetime=20220901T07:00-0000&enddatetime=20220905T07:00-0000&market_run_id=RTPD&node=BORREGO_6_N009
